time,volume,min_price,max_price,avg_price,median_price,warframe,available ,ducats,release,hot,date,weekend
2019/1/1,69,56,80,68,70,Banshee,4,260,0,1,1,0
2019/1/2,74,65,80,72.5,74,Banshee,4,260,0,1,2,0
2019/1/3,61,61,85,73,75,Banshee,4,260,0,1,3,0
2019/1/4,50,61,85,73,75,Banshee,4,260,0,1,4,0
2019/1/5,55,65,80,72.5,73.5,Banshee,4,260,0,1,5,1
2019/1/6,72,60,80,70,70,Banshee,4,260,0,1,6,1
2019/1/7,56,65,85,75,75,Banshee,4,260,0,1,7,0
2019/1/8,59,63,85,74,75,Banshee,4,260,0,1,8,0
2019/1/9,37,72,80,76,79.5,Banshee,4,260,0,1,9,0
2019/1/10,38,62,84,73,75,Banshee,4,260,0,1,10,0
2019/1/11,44,62,85,73.5,75,Banshee,4,260,0,1,11,0
2019/1/12,55,69,90,79.5,79,Banshee,4,260,0,1,12,1
2019/1/13,65,65,89,77,75,Banshee,4,260,0,1,13,1
2019/1/14,52,70,90,80,80,Banshee,4,260,0,1,14,0
2019/1/15,33,75,85,80,80,Banshee,4,260,0,1,15,0
2019/1/16,32,74,85,79.5,80,Banshee,4,260,0,1,16,0
2019/1/17,47,67,90,78.5,80,Banshee,4,260,0,1,17,0
2019/1/18,41,75,90,82.5,85,Banshee,4,260,0,1,18,0
2019/1/19,64,68,90,79,80,Banshee,4,260,0,1,19,1
2019/1/20,49,67,90,78.5,80,Banshee,4,260,0,1,20,1
2019/1/21,45,72,90,81,80,Banshee,4,260,0,1,21,0
2019/1/22,45,68,90,79,80,Banshee,4,260,0,1,22,0
2019/1/23,26,79,80,79.5,80,Banshee,4,260,0,1,23,0
2019/1/24,38,70,90,80,80,Banshee,4,260,0,1,24,0
2019/1/25,45,70,90,80,79,Banshee,4,260,0,1,25,0
2019/1/26,55,70,90,80,80,Banshee,4,260,0,1,26,1
2019/1/27,57,61,88,74.5,75,Banshee,4,260,0,1,27,1
2019/1/28,48,66,90,78,80,Banshee,4,260,0,1,28,0
2019/1/29,53,68,90,79,80,Banshee,4,260,0,1,29,0
2019/1/30,44,74,90,82,80,Banshee,4,260,0,1,30,0
2019/1/31,36,70,90,80,80,Banshee,4,260,0,1,31,0
2019/2/1,42,70,90,80,80,Banshee,4,260,0,1,32,0
2019/2/2,56,70,90,80,80,Banshee,4,260,0,1,33,1
2019/2/3,48,70,90,80,80,Banshee,4,260,0,1,34,1
2019/2/4,51,75,95,85,88,Banshee,4,260,0,1,35,0
2019/2/5,57,70,90,80,80,Banshee,4,260,0,1,36,0
2019/2/6,42,75,98,86.5,85,Banshee,4,260,0,1,37,0
2019/2/7,57,60,100,80,80,Banshee,4,260,0,1,38,0
2019/2/8,48,70,90,80,81,Banshee,4,260,0,1,39,0
2019/2/9,66,66,100,83,84,Banshee,4,260,0,1,40,1
2019/2/10,62,70,97,83.5,84,Banshee,4,260,0,1,41,1
2019/2/11,55,60,96,78,80,Banshee,4,260,0,1,42,0
2019/2/12,55,80,100,90,90,Banshee,4,260,0,1,43,0
2019/2/13,45,80,100,90,90,Banshee,4,260,0,1,44,0
2019/2/14,44,85,100,92.5,95,Banshee,4,260,0,1,45,0
2019/2/15,47,80,100,90,90,Banshee,4,260,0,1,46,0
2019/2/16,41,80,100,90,90,Banshee,4,260,0,1,47,1
2019/2/17,47,80,100,90,90,Banshee,4,260,0,1,48,1
2019/2/18,31,85,100,92.5,94,Banshee,4,260,0,1,49,0
2019/2/19,34,85,100,92.5,96.5,Banshee,4,260,0,1,50,0
2019/2/20,36,80,100,90,93,Banshee,4,260,0,1,51,0
2019/2/21,44,85,109,97,95,Banshee,4,260,0,1,52,0
2019/2/22,41,77,100,88.5,90,Banshee,4,260,0,1,53,0
2019/2/23,36,80,100,90,90,Banshee,4,260,0,1,54,1
2019/2/24,72,67,100,83.5,89,Banshee,4,260,0,1,55,1
2019/2/25,49,80,100,90,90,Banshee,4,260,0,1,56,0
2019/2/26,36,80,100,90,90,Banshee,4,260,0,1,57,0
2019/2/27,28,75,95,85,85,Banshee,4,260,0,1,58,0
2019/2/28,37,70,100,85,84.5,Banshee,4,260,0,1,59,0
2019/3/1,53,75,95,85,85,Banshee,4,260,0,1,60,0
2019/3/2,65,67,100,83.5,85,Banshee,4,260,0,1,61,1
2019/3/3,64,74,96,85,85,Banshee,4,260,0,1,62,1
2019/3/4,42,81,100,90.5,99,Banshee,4,260,0,1,63,0
2019/3/5,61,75,100,87.5,90,Banshee,4,260,0,1,64,0
2019/3/6,44,75,99,87,85,Banshee,4,260,0,1,65,0
2019/3/7,46,65,94,79.5,80,Banshee,4,260,0,1,66,0
2019/3/8,72,50,80,65,62,Banshee,4,260,0,1,67,0
2019/3/9,67,45,94,69.5,70,Banshee,4,260,0,1,68,1
2019/3/10,72,55,75,65,65,Banshee,4,260,0,1,69,1
2019/3/11,40,60,80,70,70,Banshee,4,260,0,1,70,0
2019/3/12,44,55,84,69.5,70,Banshee,4,260,0,1,71,0
2019/3/13,50,60,80,70,70,Banshee,4,260,0,1,72,0
2019/3/14,48,65,80,72.5,75,Banshee,4,260,0,1,73,0
2019/3/15,38,65,80,72.5,75,Banshee,4,260,0,1,74,0
2019/3/16,69,57,84,70.5,72,Banshee,4,260,0,1,75,1
2019/3/17,61,65,85,75,75,Banshee,4,260,0,1,76,1
2019/3/18,49,69,89,79,75,Banshee,4,260,0,1,77,0
2019/3/19,48,65,89,77,75,Banshee,4,260,0,1,78,0
2019/3/20,43,65,85,75,75,Banshee,4,260,0,1,79,0
2019/3/21,51,65,85,75,75,Banshee,4,260,0,1,80,0
2019/3/22,71,53,85,69,70,Banshee,4,260,0,1,81,0
2019/3/23,86,58,80,69,70,Banshee,4,260,0,1,82,1
2019/3/24,86,56,90,73,74,Banshee,4,260,0,1,83,1
2019/3/25,48,69,86,77.5,75,Banshee,4,260,0,1,84,0
2019/3/26,52,65,89,77,75,Banshee,4,260,0,1,85,0
2019/3/27,35,60,80,70,70,Banshee,4,260,0,1,86,0
2019/3/28,43,65,80,72.5,73,Banshee,4,260,0,1,87,0
2019/3/29,42,60,80,70,70,Banshee,4,260,0,1,88,0
2019/3/30,71,65,80,72.5,74,Banshee,4,260,0,1,89,1
2019/1/1,126,114,135,124.5,125,Chroma,3,260,1,3,1,0
2019/1/2,135,109,140,124.5,124,Chroma,3,260,1,3,2,0
2019/1/3,146,115,145,130,130,Chroma,3,260,1,3,3,0
2019/1/4,111,113,139,126,125,Chroma,3,260,1,3,4,0
2019/1/5,152,110,145,127.5,129,Chroma,3,260,1,3,5,1
2019/1/6,135,112,139,125.5,125,Chroma,3,260,1,3,6,1
2019/1/7,104,115,139,127,125,Chroma,3,260,1,3,7,0
2019/1/8,132,109,130,119.5,120,Chroma,3,260,1,3,8,0
2019/1/9,124,110,130,120,120,Chroma,3,260,1,3,9,0
2019/1/10,113,115,135,125,124,Chroma,3,260,1,3,10,0
2019/1/11,144,110,130,120,120,Chroma,3,260,1,3,11,0
2019/1/12,158,108,130,119,120,Chroma,3,260,1,3,12,1
2019/1/13,148,113,135,124,125,Chroma,3,260,1,3,13,1
2019/1/14,141,110,140,125,124,Chroma,3,260,1,3,14,0
2019/1/15,104,115,135,125,124,Chroma,3,260,1,3,15,0
2019/1/16,105,119,140,129.5,129,Chroma,3,260,1,3,16,0
2019/1/17,103,120,140,130,129,Chroma,3,260,1,3,17,0
2019/1/18,114,119,140,129.5,129.5,Chroma,3,260,1,3,18,0
2019/1/19,165,115,150,132.5,134,Chroma,3,260,1,3,19,1
2019/1/20,175,106,153,129.5,130,Chroma,3,260,1,3,20,1
2019/1/21,125,119,144,131.5,130,Chroma,3,260,1,3,21,0
2019/1/22,108,119,140,129.5,130,Chroma,3,260,1,3,22,0
2019/1/23,119,120,144,132,130,Chroma,3,260,1,3,23,0
2019/1/24,133,110,150,130,130,Chroma,3,260,1,3,24,0
2019/1/25,78,123,130,126.5,130,Chroma,3,260,1,3,25,0
2019/1/26,145,115,139,127,125,Chroma,3,260,1,3,26,1
2019/1/27,153,119,135,127,128,Chroma,3,260,1,3,27,1
2019/1/28,110,111,139,125,125,Chroma,3,260,1,3,28,0
2019/1/29,126,119,140,129.5,130,Chroma,3,260,1,3,29,0
2019/1/30,128,120,150,135,135,Chroma,3,260,1,3,30,0
2019/1/31,113,119,140,129.5,130,Chroma,3,260,1,3,31,0
2019/2/1,109,124,149,136.5,135,Chroma,3,260,1,3,32,0
2019/2/2,140,120,150,135,135,Chroma,3,260,1,3,33,1
2019/2/3,144,119,140,129.5,130,Chroma,3,260,1,3,34,1
2019/2/4,114,118,140,129,130,Chroma,3,260,1,3,35,0
2019/2/5,112,118,143,130.5,130,Chroma,3,260,1,3,36,0
2019/2/6,97,119,143,131,130,Chroma,3,260,1,3,37,0
2019/2/7,105,119,140,129.5,130,Chroma,3,260,1,3,38,0
2019/2/8,99,114,139,126.5,125,Chroma,3,260,1,3,39,0
2019/2/9,135,112,139,125.5,126,Chroma,3,260,1,3,40,1
2019/2/10,138,113,139,126,125,Chroma,3,260,1,3,41,1
2019/2/11,101,114,139,126.5,125,Chroma,3,260,1,3,42,0
2019/2/12,101,114,139,126.5,125,Chroma,3,260,1,3,43,0
2019/2/13,111,100,140,120,120,Chroma,3,260,1,3,44,0
2019/2/14,102,100,150,125,125,Chroma,3,260,1,3,45,0
2019/2/15,100,109,134,121.5,120,Chroma,3,260,1,3,46,0
2019/2/16,110,112,135,123.5,125,Chroma,3,260,1,3,47,1
2019/2/17,114,110,130,120,120,Chroma,3,260,1,3,48,1
2019/2/18,129,110,133,121.5,120,Chroma,3,260,1,3,49,0
2019/2/19,78,110,130,120,120,Chroma,3,260,1,3,50,0
2019/2/20,102,110,130,120,120,Chroma,3,260,1,3,51,0
2019/2/21,90,110,130,120,119,Chroma,3,260,1,3,52,0
2019/2/22,104,105,129,117,115,Chroma,3,260,1,3,53,0
2019/2/23,112,110,120,115,119,Chroma,3,260,1,3,54,1
2019/2/24,113,109,125,117,115,Chroma,3,260,1,3,55,1
2019/2/25,84,110,125,117.5,118,Chroma,3,260,1,3,56,0
2019/2/26,107,104,125,114.5,115,Chroma,3,260,1,3,57,0
2019/2/27,59,118,120,119,120,Chroma,3,260,1,3,58,0
2019/2/28,66,117,120,118.5,120,Chroma,3,260,1,3,59,0
2019/3/1,126,110,130,120,120,Chroma,3,260,1,3,60,0
2019/3/2,134,110,130,120,120,Chroma,3,260,1,3,61,1
2019/3/3,148,113,135,124,125,Chroma,3,260,1,3,62,1
2019/3/4,104,115,145,130,129,Chroma,3,260,1,3,63,0
2019/3/5,114,114,139,126.5,128.5,Chroma,3,260,1,3,64,0
2019/3/6,97,111,135,123,125,Chroma,3,260,1,3,65,0
2019/3/7,117,100,140,120,120,Chroma,3,260,1,3,66,0
2019/3/8,102,90,132,111,110,Chroma,3,260,1,3,67,0
2019/3/9,142,100,120,110,110,Chroma,3,260,1,3,68,1
2019/3/10,159,105,125,115,115,Chroma,3,260,1,3,69,1
2019/3/11,115,110,130,120,120,Chroma,3,260,1,3,70,0
2019/3/12,97,110,132,121,120,Chroma,3,260,1,3,71,0
2019/3/13,118,109,130,119.5,120,Chroma,3,260,1,3,72,0
2019/3/14,113,105,135,120,120,Chroma,3,260,1,3,73,0
2019/3/15,115,110,130,120,120,Chroma,3,260,1,3,74,0
2019/3/16,126,112,139,125.5,125,Chroma,3,260,1,3,75,1
2019/3/17,129,107,130,118.5,120,Chroma,3,260,1,3,76,1
2019/3/18,118,97,132,114.5,116,Chroma,3,260,1,3,77,0
2019/3/19,114,105,129,117,119,Chroma,3,260,1,3,78,0
2019/3/20,119,101,129,115,115,Chroma,3,260,1,3,79,0
2019/3/21,102,105,129,117,115,Chroma,3,260,1,3,80,0
2019/3/22,138,91,119,105,105,Chroma,3,260,1,3,81,0
2019/3/23,154,99,115,107,107,Chroma,3,260,1,3,82,1
2019/3/24,149,90,125,107.5,108,Chroma,3,260,1,3,83,1
2019/3/25,103,98,120,109,109,Chroma,3,260,1,3,84,0
2019/3/26,92,95,115,105,105,Chroma,3,260,1,3,85,0
2019/3/27,121,91,115,103,105,Chroma,3,260,1,3,86,0
2019/3/28,131,91,118,104.5,105,Chroma,3,260,1,3,87,0
2019/3/29,111,94,115,104.5,105,Chroma,3,260,1,3,88,0
2019/3/30,159,95,115,105,105,Chroma,3,260,1,3,89,1
2019/1/1,38,230,250,240,240,Ember,2,175,0,1,1,0
2019/1/2,46,220,250,235,239,Ember,2,175,0,1,2,0
2019/1/3,30,210,250,230,230,Ember,2,175,0,1,3,0
2019/1/4,27,228,245,236.5,235,Ember,2,175,0,1,4,0
2019/1/5,32,225,250,237.5,240,Ember,2,175,0,1,5,1
2019/1/6,57,220,260,240,240,Ember,2,175,0,1,6,1
2019/1/7,52,215,260,237.5,240,Ember,2,175,0,1,7,0
2019/1/8,40,235,250,242.5,245,Ember,2,175,0,1,8,0
2019/1/9,39,229,250,239.5,240,Ember,2,175,0,1,9,0
2019/1/10,35,235,250,242.5,246.5,Ember,2,175,0,1,10,0
2019/1/11,23,210,250,230,230,Ember,2,175,0,1,11,0
2019/1/12,40,220,250,235,240,Ember,2,175,0,1,12,1
2019/1/13,52,225,250,237.5,240,Ember,2,175,0,1,13,1
2019/1/14,36,230,260,245,245,Ember,2,175,0,1,14,0
2019/1/15,37,215,255,235,243,Ember,2,175,0,1,15,0
2019/1/16,37,220,250,235,240,Ember,2,175,0,1,16,0
2019/1/17,30,230,250,240,240,Ember,2,175,0,1,17,0
2019/1/18,37,235,252,243.5,245,Ember,2,175,0,1,18,0
2019/1/19,61,239,250,244.5,247.5,Ember,2,175,0,1,19,1
2019/1/20,39,239,250,244.5,245,Ember,2,175,0,1,20,1
2019/1/21,48,215,250,232.5,240,Ember,2,175,0,1,21,0
2019/1/22,63,145,290,217.5,240,Ember,2,175,0,1,22,0
2019/1/23,92,115,168,141.5,134,Ember,3,175,1,1,23,0
2019/1/24,48,110,185,147.5,140,Ember,3,175,1,1,24,0
2019/1/25,35,115,163,139,140,Ember,3,175,1,1,25,0
2019/1/26,38,120,200,160,150,Ember,3,175,1,1,26,1
2019/1/27,35,130,195,162.5,160,Ember,3,175,1,1,27,1
2019/1/28,25,130,185,157.5,155,Ember,3,175,1,1,28,0
2019/1/29,49,125,200,162.5,170,Ember,3,175,1,1,29,0
2019/1/30,78,135,188,161.5,160,Ember,3,175,1,1,30,0
2019/1/31,91,135,180,157.5,158,Ember,3,175,1,1,31,0
2019/2/1,82,125,170,147.5,150,Ember,3,175,1,1,32,0
2019/2/2,91,125,170,147.5,149,Ember,3,175,1,1,33,1
2019/2/3,114,115,160,137.5,138,Ember,3,175,1,1,34,1
2019/2/4,98,107,152,129.5,130,Ember,3,175,1,1,35,0
2019/2/5,94,105,145,125,129,Ember,3,175,1,1,36,0
2019/2/6,99,95,140,117.5,120,Ember,3,175,1,1,37,0
2019/2/7,74,105,135,120,119,Ember,3,175,1,1,38,0
2019/2/8,83,108,135,121.5,119,Ember,3,175,1,1,39,0
2019/2/9,82,105,129,117,115,Ember,3,175,1,1,40,1
2019/2/10,93,104,129,116.5,115,Ember,3,175,1,1,41,1
2019/2/11,96,96,120,108,110,Ember,3,175,1,1,42,0
2019/2/12,91,95,120,107.5,110,Ember,3,175,1,1,43,0
2019/2/13,88,95,119,107,105,Ember,3,175,1,1,44,0
2019/2/14,86,90,115,102.5,100,Ember,3,175,1,1,45,0
2019/2/15,66,89,114,101.5,100,Ember,3,175,1,1,46,0
2019/2/16,88,95,110,102.5,103,Ember,3,175,1,1,47,1
2019/2/17,91,92,108,100,100,Ember,3,175,1,1,48,1
2019/2/18,72,95,105,100,100,Ember,3,175,1,1,49,0
2019/2/19,68,90,110,100,100,Ember,3,175,1,1,50,0
2019/2/20,92,85,105,95,95,Ember,3,175,1,1,51,0
2019/2/21,83,90,110,100,100,Ember,3,175,1,1,52,0
2019/2/22,85,85,100,92.5,94,Ember,3,175,1,1,53,0
2019/2/23,89,85,100,92.5,95,Ember,3,175,1,1,54,1
2019/2/24,83,84,105,94.5,95,Ember,3,175,1,1,55,1
2019/2/25,95,80,100,90,94,Ember,3,175,1,1,56,0
2019/2/26,76,80,100,90,90,Ember,3,175,1,1,57,0
2019/2/27,78,80,100,90,90,Ember,3,175,1,1,58,0
2019/2/28,47,82,95,88.5,90,Ember,3,175,1,1,59,0
2019/3/1,65,83,96,89.5,90,Ember,3,175,1,1,60,0
2019/3/2,85,85,100,92.5,94,Ember,3,175,1,1,61,1
2019/3/3,105,81,106,93.5,95,Ember,3,175,1,1,62,1
2019/3/4,74,85,100,92.5,92.5,Ember,3,175,1,1,63,0
2019/3/5,75,76,100,88,90,Ember,3,175,1,1,64,0
2019/3/6,100,80,95,87.5,87,Ember,3,175,1,1,65,0
2019/3/7,82,80,100,90,89,Ember,3,175,1,1,66,0
2019/3/8,73,69,94,81.5,80,Ember,3,175,1,1,67,0
2019/3/9,90,70,90,80,80,Ember,3,175,1,1,68,1
2019/3/10,91,75,85,80,80,Ember,3,175,1,1,69,1
2019/3/11,76,66,90,78,80,Ember,3,175,1,1,70,0
2019/3/12,70,70,90,80,80,Ember,3,175,1,1,71,0
2019/3/13,72,61,85,73,75,Ember,3,175,1,1,72,0
2019/3/14,73,69,90,79.5,79,Ember,3,175,1,1,73,0
2019/3/15,66,70,86,78,78,Ember,3,175,1,1,74,0
2019/3/16,59,78,82,80,80,Ember,3,175,1,1,75,1
2019/3/17,113,61,85,73,75,Ember,3,175,1,1,76,1
2019/3/18,87,59,89,74,70,Ember,3,175,1,1,77,0
2019/3/19,88,59,85,72,70,Ember,3,175,1,1,78,0
2019/3/20,96,67,90,78.5,79,Ember,3,175,1,1,79,0
2019/3/21,85,69,90,79.5,78.5,Ember,3,175,1,1,80,0
2019/3/22,116,65,89,77,75,Ember,3,175,1,1,81,0
2019/3/23,113,62,89,75.5,74,Ember,3,175,1,1,82,1
2019/3/24,113,61,89,75,75,Ember,3,175,1,1,83,1
2019/3/25,81,70,85,77.5,78,Ember,3,175,1,1,84,0
2019/3/26,121,65,95,80,80,Ember,3,175,1,1,85,0
2019/3/27,99,79,100,89.5,90,Ember,3,175,1,1,86,0
2019/3/28,93,75,100,87.5,89,Ember,3,175,1,1,87,0
2019/3/29,86,65,100,82.5,86.5,Ember,3,175,1,1,88,0
2019/3/30,79,71,95,83,85,Ember,3,175,1,1,89,1
2019/1/1,92,50,65,57.5,58,Hydroid,5,205,1,3,1,0
2019/1/2,53,57,60,58.5,60,Hydroid,5,205,1,3,2,0
2019/1/3,63,58,60,59,60,Hydroid,5,205,1,3,3,0
2019/1/4,112,45,65,55,55,Hydroid,5,205,1,3,4,0
2019/1/5,117,42,69,55.5,55,Hydroid,5,205,1,3,5,1
2019/1/6,110,50,65,57.5,58,Hydroid,5,205,1,3,6,1
2019/1/7,78,50,65,57.5,58,Hydroid,5,205,1,3,7,0
2019/1/8,104,48,70,59,60,Hydroid,5,205,1,3,8,0
2019/1/9,96,50,70,60,60,Hydroid,5,205,1,3,9,0
2019/1/10,93,50,70,60,60,Hydroid,5,205,1,3,10,0
2019/1/11,96,48,70,59,59,Hydroid,5,205,1,3,11,0
2019/1/12,63,58,62,60,60,Hydroid,5,205,1,3,12,1
2019/1/13,147,45,70,57.5,60,Hydroid,5,205,1,3,13,1
2019/1/14,98,55,75,65,68,Hydroid,5,205,1,3,14,0
2019/1/15,96,50,80,65,67.5,Hydroid,5,205,1,3,15,0
2019/1/16,97,56,80,68,70,Hydroid,5,205,1,3,16,0
2019/1/17,103,58,80,69,70,Hydroid,5,205,1,3,17,0
2019/1/18,96,59,85,72,74,Hydroid,5,205,1,3,18,0
2019/1/19,102,60,80,70,70,Hydroid,5,205,1,3,19,1
2019/1/20,128,60,83,71.5,70,Hydroid,5,205,1,3,20,1
2019/1/21,89,57,84,70.5,70,Hydroid,5,205,1,3,21,0
2019/1/22,91,58,80,69,70,Hydroid,5,205,1,3,22,0
2019/1/23,77,60,79,69.5,70,Hydroid,5,205,1,3,23,0
2019/1/24,103,59,80,69.5,70,Hydroid,5,205,1,3,24,0
2019/1/25,98,59,80,69.5,70,Hydroid,5,205,1,3,25,0
2019/1/26,113,55,75,65,65,Hydroid,5,205,1,3,26,1
2019/1/27,90,59,75,67,69,Hydroid,5,205,1,3,27,1
2019/1/28,69,62,75,68.5,70,Hydroid,5,205,1,3,28,0
2019/1/29,93,65,80,72.5,74,Hydroid,5,205,1,3,29,0
2019/1/30,96,59,80,69.5,70,Hydroid,5,205,1,3,30,0
2019/1/31,87,65,80,72.5,74,Hydroid,5,205,1,3,31,0
2019/2/1,98,65,80,72.5,75,Hydroid,5,205,1,3,32,0
2019/2/2,74,63,80,71.5,75,Hydroid,5,205,1,3,33,1
2019/2/3,103,60,80,70,72,Hydroid,5,205,1,3,34,1
2019/2/4,100,61,85,73,75,Hydroid,5,205,1,3,35,0
2019/2/5,91,69,85,77,79,Hydroid,5,205,1,3,36,0
2019/2/6,103,69,85,77,78,Hydroid,5,205,1,3,37,0
2019/2/7,84,72,85,78.5,79,Hydroid,5,205,1,3,38,0
2019/2/8,111,62,89,75.5,75,Hydroid,5,205,1,3,39,0
2019/2/9,116,62,84,73,75,Hydroid,5,205,1,3,40,1
2019/2/10,106,65,85,75,75,Hydroid,5,205,1,3,41,1
2019/2/11,120,65,89,77,75,Hydroid,5,205,1,3,42,0
2019/2/12,109,65,89,77,75,Hydroid,5,205,1,3,43,0
2019/2/13,92,61,89,75,75,Hydroid,5,205,1,3,44,0
2019/2/14,100,65,89,77,75,Hydroid,5,205,1,3,45,0
2019/2/15,89,69,90,79.5,79,Hydroid,5,205,1,3,46,0
2019/2/16,98,65,89,77,75,Hydroid,5,205,1,3,47,1
2019/2/17,100,60,80,70,70,Hydroid,5,205,1,3,48,1
2019/2/18,92,64,85,74.5,75,Hydroid,5,205,1,3,49,0
2019/2/19,80,68,90,79,79,Hydroid,5,205,1,3,50,0
2019/2/20,63,61,85,73,75,Hydroid,5,205,1,3,51,0
2019/2/21,87,64,85,74.5,75,Hydroid,5,205,1,3,52,0
2019/2/22,101,55,85,70,72,Hydroid,5,205,1,3,53,0
2019/2/23,80,59,80,69.5,70,Hydroid,5,205,1,3,54,1
2019/2/24,94,60,84,72,70,Hydroid,5,205,1,3,55,1
2019/2/25,84,60,80,70,70,Hydroid,5,205,1,3,56,0
2019/2/26,61,65,85,75,75,Hydroid,5,205,1,3,57,0
2019/2/27,62,65,85,75,75,Hydroid,5,205,1,3,58,0
2019/2/28,54,62,85,73.5,75,Hydroid,5,205,1,3,59,0
2019/3/1,76,60,80,70,70,Hydroid,5,205,1,3,60,0
2019/3/2,104,56,80,68,70,Hydroid,5,205,1,3,61,1
2019/3/3,99,64,85,74.5,75,Hydroid,5,205,1,3,62,1
2019/3/4,66,65,85,75,75,Hydroid,5,205,1,3,63,0
2019/3/5,85,65,85,75,75,Hydroid,5,205,1,3,64,0
2019/3/6,91,63,89,76,75,Hydroid,5,205,1,3,65,0
2019/3/7,93,65,83,74,75,Hydroid,5,205,1,3,66,0
2019/3/8,75,55,77,66,65,Hydroid,5,205,1,3,67,0
2019/3/9,123,55,80,67.5,70,Hydroid,5,205,1,3,68,1
2019/3/10,116,52,79,65.5,65,Hydroid,5,205,1,3,69,1
2019/3/11,65,60,80,70,70,Hydroid,5,205,1,3,70,0
2019/3/12,71,59,80,69.5,70,Hydroid,5,205,1,3,71,0
2019/3/13,81,60,80,70,70,Hydroid,5,205,1,3,72,0
2019/3/14,74,55,80,67.5,68,Hydroid,5,205,1,3,73,0
2019/3/15,75,55,80,67.5,68,Hydroid,5,205,1,3,74,0
2019/3/16,104,59,80,69.5,69.5,Hydroid,5,205,1,3,75,1
2019/3/17,96,59,80,69.5,70,Hydroid,5,205,1,3,76,1
2019/3/18,79,60,76,68,67.5,Hydroid,5,205,1,3,77,0
2019/3/19,98,54,75,64.5,65,Hydroid,5,205,1,3,78,0
2019/3/20,85,51,70,60.5,65,Hydroid,5,205,1,3,79,0
2019/3/21,117,51,79,65,65,Hydroid,5,205,1,3,80,0
2019/3/22,124,53,75,64,64,Hydroid,5,205,1,3,81,0
2019/3/23,125,50,70,60,60,Hydroid,5,205,1,3,82,1
2019/3/24,100,53,68,60.5,60,Hydroid,5,205,1,3,83,1
2019/3/25,94,54,79,66.5,65,Hydroid,5,205,1,3,84,0
2019/3/26,92,55,79,67,65,Hydroid,5,205,1,3,85,0
2019/3/27,105,50,75,62.5,64,Hydroid,5,205,1,3,86,0
2019/3/28,91,55,80,67.5,68,Hydroid,5,205,1,3,87,0
2019/3/29,91,54,79,66.5,65,Hydroid,5,205,1,3,88,0
2019/3/30,134,51,79,65,65,Hydroid,5,205,1,3,89,1
2019/1/1,83,85,100,92.5,95,Limbo,4,260,1,2,1,0
2019/1/2,96,84,105,94.5,97.5,Limbo,4,260,1,2,2,0
2019/1/3,76,83,100,91.5,95,Limbo,4,260,1,2,3,0
2019/1/4,83,84,105,94.5,95,Limbo,4,260,1,2,4,0
2019/1/5,91,85,100,92.5,93,Limbo,4,260,1,2,5,1
2019/1/6,89,85,106,95.5,95,Limbo,4,260,1,2,6,1
2019/1/7,96,85,100,92.5,95,Limbo,4,260,1,2,7,0
2019/1/8,72,85,100,92.5,95,Limbo,4,260,1,2,8,0
2019/1/9,65,80,105,92.5,94,Limbo,4,260,1,2,9,0
2019/1/10,77,85,100,92.5,95,Limbo,4,260,1,2,10,0
2019/1/11,83,80,100,90,91,Limbo,4,260,1,2,11,0
2019/1/12,87,85,100,92.5,94,Limbo,4,260,1,2,12,1
2019/1/13,85,80,100,90,93.5,Limbo,4,260,1,2,13,1
2019/1/14,53,84,105,94.5,95,Limbo,4,260,1,2,14,0
2019/1/15,59,85,100,92.5,95,Limbo,4,260,1,2,15,0
2019/1/16,45,80,100,90,90,Limbo,4,260,1,2,16,0
2019/1/17,69,85,100,92.5,94,Limbo,4,260,1,2,17,0
2019/1/18,67,80,100,90,90,Limbo,4,260,1,2,18,0
2019/1/19,87,80,100,90,93,Limbo,4,260,1,2,19,1
2019/1/20,78,85,100,92.5,95,Limbo,4,260,1,2,20,1
2019/1/21,77,85,100,92.5,95,Limbo,4,260,1,2,21,0
2019/1/22,53,98,100,99,100,Limbo,4,260,1,2,22,0
2019/1/23,83,81,105,93,98,Limbo,4,260,1,2,23,0
2019/1/24,65,94,100,97,100,Limbo,4,260,1,2,24,0
2019/1/25,71,84,108,96,95,Limbo,4,260,1,2,25,0
2019/1/26,94,78,100,89,90,Limbo,4,260,1,2,26,1
2019/1/27,100,80,105,92.5,94.5,Limbo,4,260,1,2,27,1
2019/1/28,67,90,100,95,97.5,Limbo,4,260,1,2,28,0
2019/1/29,64,90,105,97.5,98,Limbo,4,260,1,2,29,0
2019/1/30,50,97,104,100.5,100,Limbo,4,260,1,2,30,0
2019/1/31,62,89,110,99.5,100,Limbo,4,260,1,2,31,0
2019/2/1,51,92,105,98.5,100,Limbo,4,260,1,2,32,0
2019/2/2,43,98,100,99,100,Limbo,4,260,1,2,33,1
2019/2/3,75,90,109,99.5,99,Limbo,4,260,1,2,34,1
2019/2/4,86,85,110,97.5,100,Limbo,4,260,1,2,35,0
2019/2/5,48,97,100,98.5,100,Limbo,4,260,1,2,36,0
2019/2/6,69,90,110,100,100,Limbo,4,260,1,2,37,0
2019/2/7,66,90,104,97,99,Limbo,4,260,1,2,38,0
2019/2/8,59,88,110,99,100,Limbo,4,260,1,2,39,0
2019/2/9,53,98,100,99,100,Limbo,4,260,1,2,40,1
2019/2/10,84,85,101,93,95,Limbo,4,260,1,2,41,1
2019/2/11,68,89,110,99.5,100,Limbo,4,260,1,2,42,0
2019/2/12,74,85,109,97,96,Limbo,4,260,1,2,43,0
2019/2/13,53,94,104,99,99.5,Limbo,4,260,1,2,44,0
2019/2/14,34,98,100,99,100,Limbo,4,260,1,2,45,0
2019/2/15,57,90,110,100,100,Limbo,4,260,1,2,46,0
2019/2/16,70,88,110,99,99,Limbo,4,260,1,2,47,1
2019/2/17,48,97,101,99,100,Limbo,4,260,1,2,48,1
2019/2/18,46,85,105,95,96,Limbo,4,260,1,2,49,0
2019/2/19,59,85,103,94,95,Limbo,4,260,1,2,50,0
2019/2/20,52,94,103,98.5,100,Limbo,4,260,1,2,51,0
2019/2/21,55,89,104,96.5,96,Limbo,4,260,1,2,52,0
2019/2/22,50,81,100,90.5,95,Limbo,4,260,1,2,53,0
2019/2/23,71,86,105,95.5,95,Limbo,4,260,1,2,54,1
2019/2/24,61,85,100,92.5,95,Limbo,4,260,1,2,55,1
2019/2/25,63,85,109,97,95,Limbo,4,260,1,2,56,0
2019/2/26,63,85,104,94.5,95,Limbo,4,260,1,2,57,0
2019/2/27,54,85,109,97,95,Limbo,4,260,1,2,58,0
2019/2/28,39,83,110,96.5,98,Limbo,4,260,1,2,59,0
2019/3/1,61,85,109,97,95,Limbo,4,260,1,2,60,0
2019/3/2,94,88,110,99,99,Limbo,4,260,1,2,61,1
2019/3/3,77,95,105,100,100,Limbo,4,260,1,2,62,1
2019/3/4,43,98,100,99,100,Limbo,4,260,1,2,63,0
2019/3/5,67,89,110,99.5,100,Limbo,4,260,1,2,64,0
2019/3/6,41,99,100,99.5,100,Limbo,4,260,1,2,65,0
2019/3/7,66,80,120,100,100,Limbo,4,260,1,2,66,0
2019/3/8,95,90,110,100,99,Limbo,4,260,1,2,67,0
2019/3/9,127,89,114,101.5,100,Limbo,4,260,1,2,68,1
2019/3/10,124,88,110,99,100,Limbo,4,260,1,2,69,1
2019/3/11,57,95,105,100,100,Limbo,4,260,1,2,70,0
2019/3/12,58,95,105,100,100,Limbo,4,260,1,2,71,0
2019/3/13,81,90,113,101.5,100,Limbo,4,260,1,2,72,0
2019/3/14,82,95,110,102.5,102,Limbo,4,260,1,2,73,0
2019/3/15,74,95,119,107,105,Limbo,4,260,1,2,74,0
2019/3/16,123,76,120,98,100,Limbo,4,260,1,2,75,1
2019/3/17,81,90,114,102,100,Limbo,4,260,1,2,76,1
2019/3/18,77,95,120,107.5,109,Limbo,4,260,1,2,77,0
2019/3/19,62,90,110,100,100,Limbo,4,260,1,2,78,0
2019/3/20,85,90,114,102,100,Limbo,4,260,1,2,79,0
2019/3/21,72,90,110,100,100,Limbo,4,260,1,2,80,0
2019/3/22,61,88,110,99,100,Limbo,4,260,1,2,81,0
2019/3/23,100,83,100,91.5,95,Limbo,4,260,1,2,82,1
2019/3/24,95,85,105,95,96,Limbo,4,260,1,2,83,1
2019/3/25,59,95,100,97.5,99,Limbo,4,260,1,2,84,0
2019/3/26,71,90,110,100,99,Limbo,4,260,1,2,85,0
2019/3/27,90,85,105,95,95,Limbo,4,260,1,2,86,0
2019/3/28,71,85,100,92.5,96,Limbo,4,260,1,2,87,0
2019/3/29,82,85,105,95,94,Limbo,4,260,1,2,88,0
2019/3/30,108,75,100,87.5,89,Limbo,4,260,1,2,89,1
2019/1/1,71,340,380,360,360,Loki,1,175,0,3,1,0
2019/1/2,68,340,380,360,360,Loki,1,175,0,3,2,0
2019/1/3,61,330,390,360,365,Loki,1,175,0,3,3,0
2019/1/4,43,340,380,360,360,Loki,1,175,0,3,4,0
2019/1/5,58,355,375,365,368,Loki,1,175,0,3,5,1
2019/1/6,49,355,390,372.5,379,Loki,1,175,0,3,6,1
2019/1/7,60,350,399,374.5,370,Loki,1,175,0,3,7,0
2019/1/8,26,344,390,367,370,Loki,1,175,0,3,8,0
2019/1/9,53,340,400,370,375,Loki,1,175,0,3,9,0
2019/1/10,34,369,390,379.5,380,Loki,1,175,0,3,10,0
2019/1/11,36,350,385,367.5,374,Loki,1,175,0,3,11,0
2019/1/12,64,335,415,375,375,Loki,1,175,0,3,12,1
2019/1/13,37,360,385,372.5,372.5,Loki,1,175,0,3,13,1
2019/1/14,39,325,420,372.5,370,Loki,1,175,0,3,14,0
2019/1/15,33,365,387,376,374,Loki,1,175,0,3,15,0
2019/1/16,41,341,399,370,370,Loki,1,175,0,3,16,0
2019/1/17,44,360,390,375,380,Loki,1,175,0,3,17,0
2019/1/18,37,369,390,379.5,380,Loki,1,175,0,3,18,0
2019/1/19,46,365,390,377.5,380,Loki,1,175,0,3,19,1
2019/1/20,51,370,390,380,380,Loki,1,175,0,3,20,1
2019/1/21,43,370,390,380,380,Loki,1,175,0,3,21,0
2019/1/22,47,370,390,380,380,Loki,1,175,0,3,22,0
2019/1/23,53,370,385,377.5,375,Loki,1,175,0,3,23,0
2019/1/24,39,350,400,375,375,Loki,1,175,0,3,24,0
2019/1/25,43,358,390,374,375,Loki,1,175,0,3,25,0
2019/1/26,49,365,380,372.5,374.5,Loki,1,175,0,3,26,1
2019/1/27,43,360,380,370,375,Loki,1,175,0,3,27,1
2019/1/28,50,365,386,375.5,375,Loki,1,175,0,3,28,0
2019/1/29,46,350,380,365,370,Loki,1,175,0,3,29,0
2019/1/30,30,360,375,367.5,370,Loki,1,175,0,3,30,0
2019/1/31,45,360,380,370,370,Loki,1,175,0,3,31,0
2019/2/1,64,350,390,370,373,Loki,1,175,0,3,32,0
2019/2/2,40,360,388,374,375,Loki,1,175,0,3,33,1
2019/2/3,45,360,383,371.5,375,Loki,1,175,0,3,34,1
2019/2/4,47,350,390,370,370,Loki,1,175,0,3,35,0
2019/2/5,36,360,400,380,378,Loki,1,175,0,3,36,0
2019/2/6,36,350,388,369,370,Loki,1,175,0,3,37,0
2019/2/7,44,350,385,367.5,370,Loki,1,175,0,3,38,0
2019/2/8,50,350,389,369.5,370,Loki,1,175,0,3,39,0
2019/2/9,55,360,380,370,370,Loki,1,175,0,3,40,1
2019/2/10,49,358,380,369,372,Loki,1,175,0,3,41,1
2019/2/11,53,359,389,374,375,Loki,1,175,0,3,42,0
2019/2/12,40,350,399,374.5,370,Loki,1,175,0,3,43,0
2019/2/13,37,365,383,374,375,Loki,1,175,0,3,44,0
2019/2/14,23,368,385,376.5,375,Loki,1,175,0,3,45,0
2019/2/15,34,365,380,372.5,375,Loki,1,175,0,3,46,0
2019/2/16,53,365,380,372.5,375,Loki,1,175,0,3,47,1
2019/2/17,42,365,380,372.5,373.5,Loki,1,175,0,3,48,1
2019/2/18,45,365,380,372.5,370,Loki,1,175,0,3,49,0
2019/2/19,27,345,390,367.5,370,Loki,1,175,0,3,50,0
2019/2/20,34,350,390,370,370,Loki,1,175,0,3,51,0
2019/2/21,40,360,380,370,370,Loki,1,175,0,3,52,0
2019/2/22,47,360,379,369.5,370,Loki,1,175,0,3,53,0
2019/2/23,42,345,390,367.5,369,Loki,1,175,0,3,54,1
2019/2/24,33,360,375,367.5,368.5,Loki,1,175,0,3,55,1
2019/2/25,37,349,375,362,364.5,Loki,1,175,0,3,56,0
2019/2/26,27,360,375,367.5,368,Loki,1,175,0,3,57,0
2019/2/27,26,346,375,360.5,366.5,Loki,1,175,0,3,58,0
2019/2/28,19,335,375,355,360,Loki,1,175,0,3,59,0
2019/3/1,48,331,375,353,360,Loki,1,175,0,3,60,0
2019/3/2,39,355,375,365,365,Loki,1,175,0,3,61,1
2019/3/3,38,340,380,360,360,Loki,1,175,0,3,62,1
2019/3/4,27,340,380,360,360,Loki,1,175,0,3,63,0
2019/3/5,31,355,375,365,364.5,Loki,1,175,0,3,64,0
2019/3/6,53,335,370,352.5,359,Loki,1,175,0,3,65,0
2019/3/7,49,335,375,355,360,Loki,1,175,0,3,66,0
2019/3/8,29,340,370,355,355,Loki,1,175,0,3,67,0
2019/3/9,52,312,363,337.5,340,Loki,1,175,0,3,68,1
2019/3/10,58,300,370,335,332.5,Loki,1,175,0,3,69,1
2019/3/11,31,320,350,335,340,Loki,1,175,0,3,70,0
2019/3/12,47,320,350,335,339,Loki,1,175,0,3,71,0
2019/3/13,39,325,350,337.5,339,Loki,1,175,0,3,72,0
2019/3/14,26,320,339,329.5,330,Loki,1,175,0,3,73,0
2019/3/15,45,328,350,339,338,Loki,1,175,0,3,74,0
2019/3/16,65,315,350,332.5,334,Loki,1,175,0,3,75,1
2019/3/17,58,302,350,326,330,Loki,1,175,0,3,76,1
2019/3/18,34,310,350,330,330,Loki,1,175,0,3,77,0
2019/3/19,53,300,350,325,328,Loki,1,175,0,3,78,0
2019/3/20,52,320,340,330,330,Loki,1,175,0,3,79,0
2019/3/21,31,325,340,332.5,330,Loki,1,175,0,3,80,0
2019/3/22,51,310,340,325,328.5,Loki,1,175,0,3,81,0
2019/3/23,55,310,350,330,330,Loki,1,175,0,3,82,1
2019/3/24,55,300,338,319,320,Loki,1,175,0,3,83,1
2019/3/25,50,315,339,327,325,Loki,1,175,0,3,84,0
2019/3/26,47,290,350,320,317,Loki,1,175,0,3,85,0
2019/3/27,52,300,340,320,315.5,Loki,1,175,0,3,86,0
2019/3/28,46,315,339,327,325,Loki,1,175,0,3,87,0
2019/3/29,45,270,350,310,320,Loki,1,175,0,3,88,0
2019/3/30,37,315,330,322.5,325,Loki,1,175,0,3,89,1
2019/1/1,280,189,210,199.5,200,Mesa,2,260,1,3,1,0
2019/1/2,279,183,208,195.5,195,Mesa,2,260,1,3,2,0
2019/1/3,280,180,195,187.5,188,Mesa,2,260,1,3,3,0
2019/1/4,307,178,200,189,190,Mesa,2,260,1,3,4,0
2019/1/5,334,168,194,181,180,Mesa,2,260,1,3,5,1
2019/1/6,315,170,190,180,179,Mesa,2,260,1,3,6,1
2019/1/7,254,169,185,177,177,Mesa,2,260,1,3,7,0
2019/1/8,281,160,184,172,170,Mesa,2,260,1,3,8,0
2019/1/9,258,157,180,168.5,170,Mesa,2,260,1,3,9,0
2019/1/10,272,157,180,168.5,170,Mesa,2,260,1,3,10,0
2019/1/11,288,154,175,164.5,166,Mesa,3,260,1,3,11,0
2019/1/12,313,152,179,165.5,167,Mesa,3,260,1,3,12,1
2019/1/13,299,154,175,164.5,165,Mesa,3,260,1,3,13,1
2019/1/14,254,153,175,164,165,Mesa,3,260,1,3,14,0
2019/1/15,242,155,179,167,165,Mesa,3,260,1,3,15,0
2019/1/16,230,157,184,170.5,170,Mesa,3,260,1,3,16,0
2019/1/17,230,159,180,169.5,169,Mesa,3,260,1,3,17,0
2019/1/18,265,159,184,171.5,170,Mesa,3,260,1,3,18,0
2019/1/19,268,164,189,176.5,175,Mesa,3,260,1,3,19,1
2019/1/20,285,160,180,170,170,Mesa,3,260,1,3,20,1
2019/1/21,243,159,175,167,168,Mesa,3,260,1,3,21,0
2019/1/22,259,148,174,161,160,Mesa,3,260,1,3,22,0
2019/1/23,240,149,170,159.5,160,Mesa,3,260,1,3,23,0
2019/1/24,214,144,172,158,159,Mesa,3,260,1,3,24,0
2019/1/25,252,136,164,150,150,Mesa,3,260,1,3,25,0
2019/1/26,294,140,155,147.5,148,Mesa,3,260,1,3,26,1
2019/1/27,271,133,159,146,147,Mesa,3,260,1,3,27,1
2019/1/28,215,138,160,149,150,Mesa,3,260,1,3,28,0
2019/1/29,169,138,164,151,150,Mesa,3,260,1,3,29,0
2019/1/30,246,145,175,160,159,Mesa,3,260,1,3,30,0
2019/1/31,205,143,175,159,160,Mesa,3,260,1,3,31,0
2019/2/1,220,140,168,154,154,Mesa,3,260,1,3,32,0
2019/2/2,248,136,164,150,150,Mesa,3,260,1,3,33,1
2019/2/3,264,138,164,151,150,Mesa,3,260,1,3,34,1
2019/2/4,209,135,160,147.5,149,Mesa,3,260,1,3,35,0
2019/2/5,177,145,155,150,150,Mesa,3,260,1,3,36,0
2019/2/6,172,139,158,148.5,149,Mesa,3,260,1,3,37,0
2019/2/7,185,135,155,145,145,Mesa,3,260,1,3,38,0
2019/2/8,208,130,150,140,140,Mesa,3,260,1,3,39,0
2019/2/9,225,126,150,138,140,Mesa,3,260,1,3,40,1
2019/2/10,254,127,150,138.5,140,Mesa,3,260,1,3,41,1
2019/2/11,197,125,148,136.5,135,Mesa,3,260,1,3,42,0
2019/2/12,131,130,145,137.5,139,Mesa,3,260,1,3,43,0
2019/2/13,161,132,146,139,139,Mesa,3,260,1,3,44,0
2019/2/14,145,130,145,137.5,139,Mesa,3,260,1,3,45,0
2019/2/15,175,123,145,134,135,Mesa,3,260,1,3,46,0
2019/2/16,210,117,140,128.5,130,Mesa,3,260,1,3,47,1
2019/2/17,193,122,145,133.5,135,Mesa,3,260,1,3,48,1
2019/2/18,167,125,145,135,134,Mesa,3,260,1,3,49,0
2019/2/19,178,120,140,130,130,Mesa,3,260,1,3,50,0
2019/2/20,175,119,140,129.5,130,Mesa,3,260,1,3,51,0
2019/2/21,151,111,137,124,125,Mesa,3,260,1,3,52,0
2019/2/22,152,114,130,122,123,Mesa,3,260,1,3,53,0
2019/2/23,198,114,135,124.5,124,Mesa,3,260,1,3,54,1
2019/2/24,191,115,139,127,125,Mesa,3,260,1,3,55,1
2019/2/25,153,106,134,120,120,Mesa,3,260,1,3,56,0
2019/2/26,152,115,130,122.5,124,Mesa,3,260,1,3,57,0
2019/2/27,157,115,135,125,125,Mesa,3,260,1,3,58,0
2019/2/28,159,115,145,130,130,Mesa,3,260,1,3,59,0
2019/3/1,168,123,149,136,135,Mesa,3,260,1,3,60,0
2019/3/2,267,115,167,141,140,Mesa,3,260,1,3,61,1
2019/3/3,206,125,170,147.5,145,Mesa,3,260,1,3,62,1
2019/3/4,150,134,165,149.5,149,Mesa,3,260,1,3,63,0
2019/3/5,160,135,159,147,147,Mesa,3,260,1,3,64,0
2019/3/6,169,129,150,139.5,140,Mesa,3,260,1,3,65,0
2019/3/7,160,122,149,135.5,135,Mesa,3,260,1,3,66,0
2019/3/8,202,110,150,130,130,Mesa,3,260,1,3,67,0
2019/3/9,308,109,155,132,132,Mesa,3,260,1,3,68,1
2019/3/10,272,123,150,136.5,140,Mesa,3,260,1,3,69,1
2019/3/11,167,130,155,142.5,145,Mesa,3,260,1,3,70,0
2019/3/12,166,129,150,139.5,139,Mesa,3,260,1,3,71,0
2019/3/13,160,127,145,136,137,Mesa,3,260,1,3,72,0
2019/3/14,173,123,149,136,135,Mesa,3,260,1,3,73,0
2019/3/15,169,130,150,140,140,Mesa,3,260,1,3,74,0
2019/3/16,248,118,154,136,136,Mesa,3,260,1,3,75,1
2019/3/17,243,120,150,135,137,Mesa,3,260,1,3,76,1
2019/3/18,171,121,147,134,135,Mesa,3,260,1,3,77,0
2019/3/19,163,125,140,132.5,134,Mesa,3,260,1,3,78,0
2019/3/20,194,119,140,129.5,130,Mesa,3,260,1,3,79,0
2019/3/21,181,115,130,122.5,124,Mesa,3,260,1,3,80,0
2019/3/22,191,106,130,118,120,Mesa,3,260,1,3,81,0
2019/3/23,262,109,130,119.5,120,Mesa,3,260,1,3,82,1
2019/3/24,258,108,130,119,120,Mesa,3,260,1,3,83,1
2019/3/25,168,107,130,118.5,120,Mesa,3,260,1,3,84,0
2019/3/26,195,115,125,120,120,Mesa,3,260,1,3,85,0
2019/3/27,217,110,130,120,120,Mesa,3,260,1,3,86,0
2019/3/28,219,109,130,119.5,119,Mesa,3,260,1,3,87,0
2019/3/29,197,108,130,119,119,Mesa,3,260,1,3,88,0
2019/3/30,211,113,120,116.5,119,Mesa,3,260,1,3,89,1
2019/1/1,65,38,42,40,40,Mirage,5,175,1,1,1,0
2019/1/2,61,38,40,39,40,Mirage,5,175,1,1,2,0
2019/1/3,95,30,50,40,40,Mirage,5,175,1,1,3,0
2019/1/4,78,35,45,40,40,Mirage,5,175,1,1,4,0
2019/1/5,89,35,45,40,40,Mirage,5,175,1,1,5,1
2019/1/6,51,38,42,40,40,Mirage,5,175,1,1,6,1
2019/1/7,49,38,42,40,40,Mirage,5,175,1,1,7,0
2019/1/8,82,30,90,60,40,Mirage,5,175,1,1,8,0
2019/1/9,78,26,50,38,40,Mirage,5,175,1,1,9,0
2019/1/10,65,33,45,39,40,Mirage,5,175,1,1,10,0
2019/1/11,59,38,42,40,40,Mirage,5,175,1,1,11,0
2019/1/12,75,38,42,40,40,Mirage,5,175,1,1,12,1
2019/1/13,55,38,42,40,40,Mirage,5,175,1,1,13,1
2019/1/14,58,38,42,40,40,Mirage,5,175,1,1,14,0
2019/1/15,48,38,42,40,40,Mirage,5,175,1,1,15,0
2019/1/16,51,35,45,40,40,Mirage,5,175,1,1,16,0
2019/1/17,77,30,50,40,40,Mirage,5,175,1,1,17,0
2019/1/18,62,39,45,42,43,Mirage,5,175,1,1,18,0
2019/1/19,78,35,45,40,40,Mirage,5,175,1,1,19,1
2019/1/20,64,38,42,40,40,Mirage,5,175,1,1,20,1
2019/1/21,75,33,48,40.5,40,Mirage,5,175,1,1,21,0
2019/1/22,69,35,50,42.5,43,Mirage,5,175,1,1,22,0
2019/1/23,67,33,45,39,40,Mirage,5,175,1,1,23,0
2019/1/24,82,35,47,41,40,Mirage,5,175,1,1,24,0
2019/1/25,59,38,40,39,40,Mirage,5,175,1,1,25,0
2019/1/26,107,30,50,40,40,Mirage,5,175,1,1,26,1
2019/1/27,102,35,50,42.5,43.5,Mirage,5,175,1,1,27,1
2019/1/28,97,30,50,40,40,Mirage,5,175,1,1,28,0
2019/1/29,78,35,50,42.5,45,Mirage,5,175,1,1,29,0
2019/1/30,66,35,50,42.5,44,Mirage,5,175,1,1,30,0
2019/1/31,123,37,50,43.5,43,Mirage,5,175,1,1,31,0
2019/2/1,110,35,47,41,40,Mirage,5,175,1,1,32,0
2019/2/2,131,35,51,43,44,Mirage,5,175,1,1,33,1
2019/2/3,110,35,55,45,45,Mirage,5,175,1,1,34,1
2019/2/4,60,35,50,42.5,43,Mirage,5,175,1,1,35,0
2019/2/5,59,35,45,40,40,Mirage,5,175,1,1,36,0
2019/2/6,79,38,50,44,45,Mirage,5,175,1,1,37,0
2019/2/7,76,35,55,45,45,Mirage,5,175,1,1,38,0
2019/2/8,80,35,55,45,45,Mirage,5,175,1,1,39,0
2019/2/9,104,32,55,43.5,45,Mirage,5,175,1,1,40,1
2019/2/10,110,35,50,42.5,44,Mirage,5,175,1,1,41,1
2019/2/11,91,35,55,45,44,Mirage,5,175,1,1,42,0
2019/2/12,79,34,50,42,45,Mirage,5,175,1,1,43,0
2019/2/13,85,35,55,45,45,Mirage,5,175,1,1,44,0
2019/2/14,71,33,50,41.5,45,Mirage,5,175,1,1,45,0
2019/2/15,68,35,50,42.5,44,Mirage,5,175,1,1,46,0
2019/2/16,86,30,50,40,40,Mirage,5,175,1,1,47,1
2019/2/17,83,35,47,41,40,Mirage,5,175,1,1,48,1
2019/2/18,84,34,50,42,42,Mirage,5,175,1,1,49,0
2019/2/19,63,35,50,42.5,45,Mirage,5,175,1,1,50,0
2019/2/20,88,34,55,44.5,44,Mirage,5,175,1,1,51,0
2019/2/21,85,33,55,44,45,Mirage,5,175,1,1,52,0
2019/2/22,89,30,50,40,40,Mirage,5,175,1,1,53,0
2019/2/23,82,30,50,40,40,Mirage,5,175,1,1,54,1
2019/2/24,95,35,50,42.5,44,Mirage,5,175,1,1,55,1
2019/2/25,67,35,59,47,45,Mirage,5,175,1,1,56,0
2019/2/26,61,35,50,42.5,44,Mirage,5,175,1,1,57,0
2019/2/27,54,35,50,42.5,43.5,Mirage,5,175,1,1,58,0
2019/2/28,49,31,59,45,45,Mirage,5,175,1,1,59,0
2019/3/1,70,35,50,42.5,45,Mirage,5,175,1,1,60,0
2019/3/2,89,33,50,41.5,44.5,Mirage,5,175,1,1,61,1
2019/3/3,90,35,50,42.5,44,Mirage,5,175,1,1,62,1
2019/3/4,63,34,50,42,42,Mirage,5,175,1,1,63,0
2019/3/5,71,33,50,41.5,45,Mirage,5,175,1,1,64,0
2019/3/6,66,38,50,44,45,Mirage,5,175,1,1,65,0
2019/3/7,57,35,45,40,40,Mirage,5,175,1,1,66,0
2019/3/8,49,35,43,39,39.5,Mirage,5,175,1,1,67,0
2019/3/9,48,37,42,39.5,40,Mirage,5,175,1,1,68,1
2019/3/10,74,38,40,39,40,Mirage,5,175,1,1,69,1
2019/3/11,72,34,45,39.5,40,Mirage,5,175,1,1,70,0
2019/3/12,59,34,45,39.5,40,Mirage,5,175,1,1,71,0
2019/3/13,47,38,41,39.5,40,Mirage,5,175,1,1,72,0
2019/3/14,71,35,45,40,40,Mirage,5,175,1,1,73,0
2019/3/15,38,38,42,40,40,Mirage,5,175,1,1,74,0
2019/3/16,101,32,45,38.5,40,Mirage,5,175,1,1,75,1
2019/3/17,91,35,45,40,40,Mirage,5,175,1,1,76,1
2019/3/18,43,38,42,40,40,Mirage,5,175,1,1,77,0
2019/3/19,40,38,42,40,40,Mirage,5,175,1,1,78,0
2019/3/20,53,36,43,39.5,40,Mirage,5,175,1,1,79,0
2019/3/21,52,36,44,40,40,Mirage,5,175,1,1,80,0
2019/3/22,72,35,45,40,40,Mirage,5,175,1,1,81,0
2019/3/23,87,35,45,40,40,Mirage,5,175,1,1,82,1
2019/3/24,72,38,42,40,40,Mirage,5,175,1,1,83,1
2019/3/25,62,38,42,40,40,Mirage,5,175,1,1,84,0
2019/3/26,65,35,45,40,40,Mirage,5,175,1,1,85,0
2019/3/27,69,32,45,38.5,40,Mirage,5,175,1,1,86,0
2019/3/28,63,30,50,40,40,Mirage,5,175,1,1,87,0
2019/3/29,76,34,45,39.5,40,Mirage,5,175,1,1,88,0
2019/3/30,89,35,45,40,40,Mirage,5,175,1,1,89,1
2019/1/1,67,198,200,199,200,Nekros,2,260,0,3,1,0
2019/1/2,77,190,205,197.5,199,Nekros,2,260,0,3,2,0
2019/1/3,97,190,205,197.5,199,Nekros,2,260,0,3,3,0
2019/1/4,70,198,200,199,200,Nekros,2,260,0,3,4,0
2019/1/5,57,199,201,200,200,Nekros,2,260,0,3,5,1
2019/1/6,98,189,210,199.5,200,Nekros,2,260,0,3,6,1
2019/1/7,77,198,200,199,200,Nekros,2,260,0,3,7,0
2019/1/8,72,198,200,199,200,Nekros,2,260,0,3,8,0
2019/1/9,74,188,210,199,200,Nekros,2,260,0,3,9,0
2019/1/10,58,198,200,199,200,Nekros,2,260,0,3,10,0
2019/1/11,68,190,210,200,200,Nekros,2,260,0,3,11,0
2019/1/12,122,172,225,198.5,200,Nekros,2,260,0,3,12,1
2019/1/13,76,195,219,207,209,Nekros,2,260,0,3,13,1
2019/1/14,87,181,230,205.5,210,Nekros,2,260,0,3,14,0
2019/1/15,88,199,240,219.5,218,Nekros,2,260,0,3,15,0
2019/1/16,61,205,229,217,219,Nekros,2,260,0,3,16,0
2019/1/17,89,190,239,214.5,210,Nekros,2,260,0,3,17,0
2019/1/18,93,190,240,215,215,Nekros,2,260,0,3,18,0
2019/1/19,110,185,230,207.5,210,Nekros,2,260,0,3,19,1
2019/1/20,106,190,250,220,220,Nekros,2,260,0,3,20,1
2019/1/21,82,200,235,217.5,220,Nekros,2,260,0,3,21,0
2019/1/22,86,180,250,215,215,Nekros,2,260,0,3,22,0
2019/1/23,66,205,229,217,216.5,Nekros,2,260,0,3,23,0
2019/1/24,76,190,236,213,215,Nekros,2,260,0,3,24,0
2019/1/25,64,205,225,215,219,Nekros,2,260,0,3,25,0
2019/1/26,98,185,230,207.5,210,Nekros,2,260,0,3,26,1
2019/1/27,105,200,230,215,210,Nekros,2,260,0,3,27,1
2019/1/28,94,199,230,214.5,218,Nekros,2,260,0,3,28,0
2019/1/29,76,200,230,215,218,Nekros,2,260,0,3,29,0
2019/1/30,52,210,234,222,220,Nekros,2,260,0,3,30,0
2019/1/31,92,195,235,215,220,Nekros,2,260,0,3,31,0
2019/2/1,73,200,248,224,220,Nekros,2,260,0,3,32,0
2019/2/2,103,195,236,215.5,220,Nekros,2,260,0,3,33,1
2019/2/3,71,209,230,219.5,220,Nekros,2,260,0,3,34,1
2019/2/4,83,210,230,220,220,Nekros,2,260,0,3,35,0
2019/2/5,83,195,235,215,220,Nekros,2,260,0,3,36,0
2019/2/6,81,195,248,221.5,220,Nekros,2,260,0,3,37,0
2019/2/7,101,195,240,217.5,220,Nekros,2,260,0,3,38,0
2019/2/8,106,205,250,227.5,230,Nekros,2,260,0,3,39,0
2019/2/9,85,210,230,220,220,Nekros,2,260,0,3,40,1
2019/2/10,103,200,239,219.5,219,Nekros,2,260,0,3,41,1
2019/2/11,77,199,248,223.5,220,Nekros,2,260,0,3,42,0
2019/2/12,53,205,240,222.5,225,Nekros,2,260,0,3,43,0
2019/2/13,78,215,239,227,229.5,Nekros,2,260,0,3,44,0
2019/2/14,59,210,240,225,229,Nekros,2,260,0,3,45,0
2019/2/15,67,220,239,229.5,226.5,Nekros,2,260,0,3,46,0
2019/2/16,80,220,235,227.5,228,Nekros,2,260,0,3,47,1
2019/2/17,97,200,240,220,220,Nekros,2,260,0,3,48,1
2019/2/18,75,220,235,227.5,227,Nekros,2,260,0,3,49,0
2019/2/19,78,210,240,225,227,Nekros,2,260,0,3,50,0
2019/2/20,81,215,239,227,225,Nekros,2,260,0,3,51,0
2019/2/21,62,219,239,229,225,Nekros,2,260,0,3,52,0
2019/2/22,69,210,234,222,220,Nekros,2,260,0,3,53,0
2019/2/23,72,210,235,222.5,224,Nekros,2,260,0,3,54,1
2019/2/24,103,193,249,221,220,Nekros,2,260,0,3,55,1
2019/2/25,76,201,250,225.5,230,Nekros,2,260,0,3,56,0
2019/2/26,99,205,250,227.5,228,Nekros,2,260,0,3,57,0
2019/2/27,62,214,239,226.5,225,Nekros,2,260,0,3,58,0
2019/2/28,49,200,240,220,220,Nekros,2,260,0,3,59,0
2019/3/1,44,215,239,227,226,Nekros,2,260,0,3,60,0
2019/3/2,93,195,245,220,220,Nekros,2,260,0,3,61,1
2019/3/3,110,199,230,214.5,215,Nekros,2,260,0,3,62,1
2019/3/4,90,200,247,223.5,220,Nekros,2,260,0,3,63,0
2019/3/5,126,195,248,221.5,220,Nekros,2,260,0,3,64,0
2019/3/6,81,205,235,220,220,Nekros,2,260,0,3,65,0
2019/3/7,97,200,240,220,220,Nekros,2,260,0,3,66,0
2019/3/8,93,173,220,196.5,200,Nekros,2,260,0,3,67,0
2019/3/9,107,185,205,195,195,Nekros,2,260,0,3,68,1
2019/3/10,143,185,209,197,195,Nekros,2,260,0,3,69,1
2019/3/11,81,180,210,195,195,Nekros,2,260,0,3,70,0
2019/3/12,40,198,200,199,200,Nekros,2,260,0,3,71,0
2019/3/13,73,189,214,201.5,200,Nekros,2,260,0,3,72,0
2019/3/14,88,180,210,195,200,Nekros,2,260,0,3,73,0
2019/3/15,78,189,210,199.5,200,Nekros,2,260,0,3,74,0
2019/3/16,97,190,210,200,200,Nekros,2,260,0,3,75,1
2019/3/17,101,185,200,192.5,195,Nekros,2,260,0,3,76,1
2019/3/18,82,190,205,197.5,199,Nekros,2,260,0,3,77,0
2019/3/19,77,182,200,191,197,Nekros,2,260,0,3,78,0
2019/3/20,96,180,210,195,195,Nekros,2,260,0,3,79,0
2019/3/21,60,185,208,196.5,196,Nekros,2,260,0,3,80,0
2019/3/22,98,170,210,190,190,Nekros,2,260,0,3,81,0
2019/3/23,121,180,200,190,190,Nekros,2,260,0,3,82,1
2019/3/24,98,179,200,189.5,192,Nekros,2,260,0,3,83,1
2019/3/25,74,180,200,190,194.5,Nekros,2,260,0,3,84,0
2019/3/26,65,185,208,196.5,195,Nekros,2,260,0,3,85,0
2019/3/27,65,180,200,190,190,Nekros,2,260,0,3,86,0
2019/3/28,70,185,205,195,198.5,Nekros,2,260,0,3,87,0
2019/3/29,72,185,200,192.5,195,Nekros,2,260,0,3,88,0
2019/3/30,101,183,205,194,195,Nekros,2,260,0,3,89,1
2019/1/1,44,50,69,59.5,59,Oberon,5,260,1,2,1,0
2019/1/2,65,45,100,72.5,60,Oberon,5,260,1,2,2,0
2019/1/3,44,58,62,60,60,Oberon,5,260,1,2,3,0
2019/1/4,74,53,74,63.5,65,Oberon,5,260,1,2,4,0
2019/1/5,68,50,70,60,60,Oberon,5,260,1,2,5,1
2019/1/6,79,52,79,65.5,65,Oberon,5,260,1,2,6,1
2019/1/7,62,60,79,69.5,69,Oberon,5,260,1,2,7,0
2019/1/8,59,50,80,65,69,Oberon,5,260,1,2,8,0
2019/1/9,53,59,80,69.5,69,Oberon,5,260,1,2,9,0
2019/1/10,45,55,79,67,68,Oberon,5,260,1,2,10,0
2019/1/11,61,60,85,72.5,74,Oberon,5,260,1,2,11,0
2019/1/12,73,59,80,69.5,70,Oberon,5,260,1,2,12,1
2019/1/13,60,60,80,70,70,Oberon,5,260,1,2,13,1
2019/1/14,71,55,80,67.5,69,Oberon,5,260,1,2,14,0
2019/1/15,43,65,89,77,75,Oberon,5,260,1,2,15,0
2019/1/16,46,65,84,74.5,75,Oberon,5,260,1,2,16,0
2019/1/17,85,55,100,77.5,80,Oberon,5,260,1,2,17,0
2019/1/18,61,65,89,77,75,Oberon,5,260,1,2,18,0
2019/1/19,74,62,80,71,75,Oberon,5,260,1,2,19,1
2019/1/20,59,65,85,75,75,Oberon,5,260,1,2,20,1
2019/1/21,55,70,90,80,80,Oberon,5,260,1,2,21,0
2019/1/22,37,70,80,75,75,Oberon,5,260,1,2,22,0
2019/1/23,39,60,80,70,70,Oberon,5,260,1,2,23,0
2019/1/24,66,64,80,72,73,Oberon,5,260,1,2,24,0
2019/1/25,48,60,80,70,70,Oberon,5,260,1,2,25,0
2019/1/26,61,60,80,70,70,Oberon,5,260,1,2,26,1
2019/1/27,69,60,80,70,70,Oberon,5,260,1,2,27,1
2019/1/28,63,60,80,70,70,Oberon,5,260,1,2,28,0
2019/1/29,28,74,85,79.5,78,Oberon,5,260,1,2,29,0
2019/1/30,40,65,80,72.5,70,Oberon,5,260,1,2,30,0
2019/1/31,41,65,80,72.5,75,Oberon,5,260,1,2,31,0
2019/2/1,50,65,80,72.5,74,Oberon,5,260,1,2,32,0
2019/2/2,64,60,80,70,70,Oberon,5,260,1,2,33,1
2019/2/3,80,60,80,70,70,Oberon,5,260,1,2,34,1
2019/2/4,28,68,72,70,70,Oberon,5,260,1,2,35,0
2019/2/5,32,68,72,70,70,Oberon,5,260,1,2,36,0
2019/2/6,27,68,72,70,70,Oberon,5,260,1,2,37,0
2019/2/7,39,65,75,70,70,Oberon,5,260,1,2,38,0
2019/2/8,62,50,150,100,70,Oberon,5,260,1,2,39,0
2019/2/9,53,65,77,71,70,Oberon,5,260,1,2,40,1
2019/2/10,67,65,75,70,70,Oberon,5,260,1,2,41,1
2019/2/11,48,60,80,70,70,Oberon,5,260,1,2,42,0
2019/2/12,60,60,80,70,70,Oberon,5,260,1,2,43,0
2019/2/13,72,60,80,70,70,Oberon,5,260,1,2,44,0
2019/2/14,39,65,80,72.5,73.5,Oberon,5,260,1,2,45,0
2019/2/15,59,58,80,69,70,Oberon,5,260,1,2,46,0
2019/2/16,49,60,80,70,70,Oberon,5,260,1,2,47,1
2019/2/17,73,65,80,72.5,70,Oberon,5,260,1,2,48,1
2019/2/18,39,60,80,70,70,Oberon,5,260,1,2,49,0
2019/2/19,43,65,80,72.5,75,Oberon,5,260,1,2,50,0
2019/2/20,24,68,70,69,70,Oberon,5,260,1,2,51,0
2019/2/21,58,64,80,72,74,Oberon,5,260,1,2,52,0
2019/2/22,39,65,80,72.5,75,Oberon,5,260,1,2,53,0
2019/2/23,45,68,72,70,70,Oberon,5,260,1,2,54,1
2019/2/24,77,65,80,72.5,75,Oberon,5,260,1,2,55,1
2019/2/25,70,60,80,70,74,Oberon,5,260,1,2,56,0
2019/2/26,44,65,85,75,75,Oberon,5,260,1,2,57,0
2019/2/27,21,67,74,70.5,70,Oberon,5,260,1,2,58,0
2019/2/28,30,65,80,72.5,74.5,Oberon,5,260,1,2,59,0
2019/3/1,38,62,80,71,75,Oberon,5,260,1,2,60,0
2019/3/2,53,60,80,70,70,Oberon,5,260,1,2,61,1
2019/3/3,58,65,75,70,70,Oberon,5,260,1,2,62,1
2019/3/4,42,65,85,75,74,Oberon,5,260,1,2,63,0
2019/3/5,50,60,80,70,70,Oberon,5,260,1,2,64,0
2019/3/6,60,60,80,70,70,Oberon,5,260,1,2,65,0
2019/3/7,44,64,78,71,70,Oberon,5,260,1,2,66,0
2019/3/8,60,50,80,65,65,Oberon,5,260,1,2,67,0
2019/3/9,44,56,80,68,69,Oberon,5,260,1,2,68,1
2019/3/10,100,55,79,67,65,Oberon,5,260,1,2,69,1
2019/3/11,50,60,80,70,69,Oberon,5,260,1,2,70,0
2019/3/12,41,60,80,70,70,Oberon,5,260,1,2,71,0
2019/3/13,46,55,75,65,66,Oberon,5,260,1,2,72,0
2019/3/14,30,60,80,70,69,Oberon,5,260,1,2,73,0
2019/3/15,43,60,80,70,69.5,Oberon,5,260,1,2,74,0
2019/3/16,47,68,72,70,70,Oberon,5,260,1,2,75,1
2019/3/17,58,60,80,70,70,Oberon,5,260,1,2,76,1
2019/3/18,55,55,75,65,65,Oberon,5,260,1,2,77,0
2019/3/19,70,55,75,65,65,Oberon,5,260,1,2,78,0
2019/3/20,65,58,80,69,69,Oberon,5,260,1,2,79,0
2019/3/21,61,60,80,70,70,Oberon,5,260,1,2,80,0
2019/3/22,77,55,78,66.5,65,Oberon,5,260,1,2,81,0
2019/3/23,109,60,80,70,70,Oberon,5,260,1,2,82,1
2019/3/24,89,65,80,72.5,74,Oberon,5,260,1,2,83,1
2019/3/25,63,65,80,72.5,76,Oberon,5,260,1,2,84,0
2019/3/26,76,60,95,77.5,78,Oberon,5,260,1,2,85,0
2019/3/27,82,66,90,78,80,Oberon,5,260,1,2,86,0
2019/3/28,69,66,90,78,80,Oberon,5,260,1,2,87,0
2019/3/29,82,60,100,80,80,Oberon,5,260,1,2,88,0
2019/3/30,72,63,89,76,75,Oberon,5,260,1,2,89,1
2019/1/1,60,294,300,297,299,Rhino,1,225,0,3,1,0
2019/1/2,64,297,300,298.5,300,Rhino,1,225,0,3,2,0
2019/1/3,52,298,300,299,300,Rhino,1,225,0,3,3,0
2019/1/4,50,290,300,295,299,Rhino,1,225,0,3,4,0
2019/1/5,55,297,300,298.5,300,Rhino,1,225,0,3,5,1
2019/1/6,64,294,305,299.5,300,Rhino,1,225,0,3,6,1
2019/1/7,86,290,310,300,300,Rhino,1,225,0,3,7,0
2019/1/8,68,286,310,298,300,Rhino,1,225,0,3,8,0
2019/1/9,80,280,340,310,309,Rhino,1,225,0,3,9,0
2019/1/10,71,290,330,310,310,Rhino,1,225,0,3,10,0
2019/1/11,99,285,330,307.5,310,Rhino,1,225,0,3,11,0
2019/1/12,96,275,350,312.5,315,Rhino,1,225,0,3,12,1
2019/1/13,110,275,350,312.5,315,Rhino,1,225,0,3,13,1
2019/1/14,106,290,350,320,320,Rhino,1,225,0,3,14,0
2019/1/15,84,310,350,330,335,Rhino,1,225,0,3,15,0
2019/1/16,46,305,350,327.5,330,Rhino,1,225,0,3,16,0
2019/1/17,70,310,350,330,330,Rhino,1,225,0,3,17,0
2019/1/18,68,300,360,330,330,Rhino,1,225,0,3,18,0
2019/1/19,110,325,349,337,335,Rhino,1,225,0,3,19,1
2019/1/20,74,305,350,327.5,333.5,Rhino,1,225,0,3,20,1
2019/1/21,67,315,350,332.5,340,Rhino,1,225,0,3,21,0
2019/1/22,42,325,350,337.5,340,Rhino,1,225,0,3,22,0
2019/1/23,63,310,350,330,330,Rhino,1,225,0,3,23,0
2019/1/24,58,310,350,330,335,Rhino,1,225,0,3,24,0
2019/1/25,105,300,350,325,325,Rhino,1,225,0,3,25,0
2019/1/26,70,305,337,321,320,Rhino,1,225,0,3,26,1
2019/1/27,65,310,330,320,320,Rhino,1,225,0,3,27,1
2019/1/28,53,310,334,322,320,Rhino,1,225,0,3,28,0
2019/1/29,57,310,330,320,321.5,Rhino,1,225,0,3,29,0
2019/1/30,61,310,334,322,320,Rhino,1,225,0,3,30,0
2019/1/31,83,309,330,319.5,320,Rhino,1,225,0,3,31,0
2019/2/1,64,290,350,320,319,Rhino,1,225,0,3,32,0
2019/2/2,81,305,330,317.5,320,Rhino,1,225,0,3,33,1
2019/2/3,108,305,330,317.5,320,Rhino,1,225,0,3,34,1
2019/2/4,75,309,330,319.5,320,Rhino,1,225,0,3,35,0
2019/2/5,65,310,330,320,324,Rhino,1,225,0,3,36,0
2019/2/6,57,310,340,325,325,Rhino,1,225,0,3,37,0
2019/2/7,39,309,330,319.5,320,Rhino,1,225,0,3,38,0
2019/2/8,46,305,330,317.5,320,Rhino,1,225,0,3,39,0
2019/2/9,75,300,326,313,315,Rhino,1,225,0,3,40,1
2019/2/10,62,309,330,319.5,320,Rhino,1,225,0,3,41,1
2019/2/11,60,310,330,320,320,Rhino,1,225,0,3,42,0
2019/2/12,63,309,329,319,320,Rhino,1,225,0,3,43,0
2019/2/13,62,309,330,319.5,320,Rhino,1,225,0,3,44,0
2019/2/14,48,309,330,319.5,320,Rhino,1,225,0,3,45,0
2019/2/15,65,310,330,320,320,Rhino,1,225,0,3,46,0
2019/2/16,89,300,330,315,320,Rhino,1,225,0,3,47,1
2019/2/17,74,310,330,320,320,Rhino,1,225,0,3,48,1
2019/2/18,55,310,330,320,320,Rhino,1,225,0,3,49,0
2019/2/19,77,300,340,320,320,Rhino,1,225,0,3,50,0
2019/2/20,55,309,330,319.5,320,Rhino,1,225,0,3,51,0
2019/2/21,88,310,330,320,320,Rhino,1,225,0,3,52,0
2019/2/22,37,315,330,322.5,320,Rhino,1,225,0,3,53,0
2019/2/23,80,299,330,314.5,317,Rhino,1,225,0,3,54,1
2019/2/24,69,305,330,317.5,320,Rhino,1,225,0,3,55,1
2019/2/25,62,310,325,317.5,315,Rhino,1,225,0,3,56,0
2019/2/26,62,310,330,320,320,Rhino,1,225,0,3,57,0
2019/2/27,40,309,325,317,316.5,Rhino,1,225,0,3,58,0
2019/2/28,43,305,325,315,319,Rhino,1,225,0,3,59,0
2019/3/1,50,310,330,320,319,Rhino,1,225,0,3,60,0
2019/3/2,105,285,330,307.5,310,Rhino,1,225,0,3,61,1
2019/3/3,83,285,330,307.5,310,Rhino,1,225,0,3,62,1
2019/3/4,54,310,329,319.5,319,Rhino,1,225,0,3,63,0
2019/3/5,49,295,320,307.5,310,Rhino,1,225,0,3,64,0
2019/3/6,58,299,330,314.5,310,Rhino,1,225,0,3,65,0
2019/3/7,88,275,320,297.5,300,Rhino,1,225,0,3,66,0
2019/3/8,40,290,310,300,299,Rhino,1,225,0,3,67,0
2019/3/9,86,270,310,290,293,Rhino,1,225,0,3,68,1
2019/3/10,95,270,315,292.5,290,Rhino,1,225,0,3,69,1
2019/3/11,71,280,300,290,290,Rhino,1,225,0,3,70,0
2019/3/12,39,270,300,285,280,Rhino,1,225,0,3,71,0
2019/3/13,57,275,300,287.5,289,Rhino,1,225,0,3,72,0
2019/3/14,57,266,300,283,290,Rhino,1,225,0,3,73,0
2019/3/15,82,250,310,280,280,Rhino,1,225,0,3,74,0
2019/3/16,55,270,290,280,280,Rhino,1,225,0,3,75,1
2019/3/17,85,255,305,280,280,Rhino,1,225,0,3,76,1
2019/3/18,56,270,290,280,280,Rhino,1,225,0,3,77,0
2019/3/19,53,275,295,285,285,Rhino,1,225,0,3,78,0
2019/3/20,65,275,293,284,285,Rhino,1,225,0,3,79,0
2019/3/21,93,270,300,285,283,Rhino,1,225,0,3,80,0
2019/3/22,58,268,300,284,284,Rhino,1,225,0,3,81,0
2019/3/23,87,270,295,282.5,280,Rhino,1,225,0,3,82,1
2019/3/24,90,270,290,280,279,Rhino,1,225,0,3,83,1
2019/3/25,52,275,290,282.5,280,Rhino,1,225,0,3,84,0
2019/3/26,61,269,290,279.5,280,Rhino,1,225,0,3,85,0
2019/3/27,56,275,285,280,280,Rhino,1,225,0,3,86,0
2019/3/28,72,260,300,280,280,Rhino,1,225,0,3,87,0
2019/3/29,51,270,290,280,280,Rhino,1,225,0,3,88,0
2019/3/30,86,270,294,282,280,Rhino,1,225,0,3,89,1
2019/1/1,106,250,290,270,270,Saryn,2,225,0,3,1,0
2019/1/2,104,235,289,262,260,Saryn,2,225,0,3,2,0
2019/1/3,110,241,290,265.5,270,Saryn,2,225,0,3,3,0
2019/1/4,107,241,295,268,270,Saryn,2,225,0,3,4,0
2019/1/5,111,242,299,270.5,270,Saryn,2,225,0,3,5,1
2019/1/6,108,265,289,277,275,Saryn,2,225,0,3,6,1
2019/1/7,75,260,290,275,279,Saryn,2,225,0,3,7,0
2019/1/8,79,264,288,276,275,Saryn,2,225,0,3,8,0
2019/1/9,73,269,290,279.5,280,Saryn,2,225,0,3,9,0
2019/1/10,110,251,300,275.5,285,Saryn,2,225,0,3,10,0
2019/1/11,79,265,289,277,278,Saryn,2,225,0,3,11,0
2019/1/12,103,269,290,279.5,279,Saryn,2,225,0,3,12,1
2019/1/13,92,261,289,275,275,Saryn,2,225,0,3,13,1
2019/1/14,64,265,289,277,279,Saryn,2,225,0,3,14,0
2019/1/15,80,260,300,280,280,Saryn,2,225,0,3,15,0
2019/1/16,72,265,296,280.5,280,Saryn,2,225,0,3,16,0
2019/1/17,91,265,285,275,277,Saryn,2,225,0,3,17,0
2019/1/18,77,269,294,281.5,280,Saryn,2,225,0,3,18,0
2019/1/19,141,251,300,275.5,284,Saryn,2,225,0,3,19,1
2019/1/20,99,262,289,275.5,275,Saryn,2,225,0,3,20,1
2019/1/21,94,265,289,277,275,Saryn,2,225,0,3,21,0
2019/1/22,70,270,295,282.5,285,Saryn,2,225,0,3,22,0
2019/1/23,67,270,293,281.5,280,Saryn,2,225,0,3,23,0
2019/1/24,82,270,293,281.5,280,Saryn,2,225,0,3,24,0
2019/1/25,82,265,289,277,275,Saryn,2,225,0,3,25,0
2019/1/26,79,263,289,276,275,Saryn,2,225,0,3,26,1
2019/1/27,93,264,289,276.5,275,Saryn,2,225,0,3,27,1
2019/1/28,94,261,289,275,279,Saryn,2,225,0,3,28,0
2019/1/29,109,260,300,280,280,Saryn,2,225,0,3,29,0
2019/1/30,79,260,300,280,283,Saryn,2,225,0,3,30,0
2019/1/31,103,253,300,276.5,280,Saryn,2,225,0,3,31,0
2019/2/1,90,270,292,281,280,Saryn,2,225,0,3,32,0
2019/2/2,100,270,300,285,285,Saryn,2,225,0,3,33,1
2019/2/3,99,255,300,277.5,280,Saryn,2,225,0,3,34,1
2019/2/4,75,270,300,285,285,Saryn,2,225,0,3,35,0
2019/2/5,84,275,299,287,285,Saryn,2,225,0,3,36,0
2019/2/6,110,270,300,285,290,Saryn,2,225,0,3,37,0
2019/2/7,99,265,300,282.5,290,Saryn,2,225,0,3,38,0
2019/2/8,125,240,300,270,280,Saryn,2,225,0,3,39,0
2019/2/9,202,190,270,230,229,Saryn,2,225,0,3,40,1
2019/2/10,143,190,255,222.5,220,Saryn,2,225,0,3,41,1
2019/2/11,67,210,269,239.5,244,Saryn,2,225,0,3,42,0
2019/2/12,92,210,250,230,235,Saryn,2,225,0,3,43,0
2019/2/13,73,224,249,236.5,237,Saryn,2,225,0,3,44,0
2019/2/14,68,215,240,227.5,230,Saryn,2,225,0,3,45,0
2019/2/15,86,205,250,227.5,230,Saryn,2,225,0,3,46,0
2019/2/16,83,186,260,223,219,Saryn,2,225,0,3,47,1
2019/2/17,71,200,245,222.5,219.5,Saryn,2,225,0,3,48,1
2019/2/18,71,210,250,230,230,Saryn,2,225,0,3,49,0
2019/2/19,57,215,250,232.5,238,Saryn,2,225,0,3,50,0
2019/2/20,48,225,248,236.5,235,Saryn,2,225,0,3,51,0
2019/2/21,60,210,250,230,230,Saryn,2,225,0,3,52,0
2019/2/22,57,205,250,227.5,234,Saryn,2,225,0,3,53,0
2019/2/23,72,195,240,217.5,219,Saryn,2,225,0,3,54,1
2019/2/24,76,180,230,205,202,Saryn,2,225,0,3,55,1
2019/2/25,84,175,220,197.5,200,Saryn,2,225,0,3,56,0
2019/2/26,48,190,230,210,204.5,Saryn,2,225,0,3,57,0
2019/2/27,38,190,210,200,200,Saryn,2,225,0,3,58,0
2019/2/28,64,190,250,220,215,Saryn,2,225,0,3,59,0
2019/3/1,94,120,260,190,205,Saryn,2,225,0,3,60,0
2019/3/2,207,115,168,141.5,140,Saryn,3,225,1,3,61,1
2019/3/3,284,107,160,133.5,135,Saryn,3,225,1,3,62,1
2019/3/4,155,120,165,142.5,140,Saryn,3,225,1,3,63,0
2019/3/5,183,120,165,142.5,140,Saryn,3,225,1,3,64,0
2019/3/6,183,120,155,137.5,135,Saryn,3,225,1,3,65,0
2019/3/7,163,115,160,137.5,139,Saryn,3,225,1,3,66,0
2019/3/8,135,109,130,119.5,120,Saryn,3,225,1,3,67,0
2019/3/9,219,91,144,117.5,120,Saryn,3,225,1,3,68,1
2019/3/10,179,95,145,120,119.5,Saryn,3,225,1,3,69,1
2019/3/11,113,110,130,120,120,Saryn,3,225,1,3,70,0
2019/3/12,106,109,130,119.5,120,Saryn,3,225,1,3,71,0
2019/3/13,118,109,130,119.5,120,Saryn,3,225,1,3,72,0
2019/3/14,102,113,139,126,125,Saryn,3,225,1,3,73,0
2019/3/15,109,110,133,121.5,120,Saryn,3,225,1,3,74,0
2019/3/16,129,115,138,126.5,125,Saryn,3,225,1,3,75,1
2019/3/17,141,109,130,119.5,120,Saryn,3,225,1,3,76,1
2019/3/18,131,108,133,120.5,120,Saryn,3,225,1,3,77,0
2019/3/19,121,106,134,120,120,Saryn,3,225,1,3,78,0
2019/3/20,138,112,139,125.5,124,Saryn,3,225,1,3,79,0
2019/3/21,124,115,139,127,125,Saryn,3,225,1,3,80,0
2019/3/22,141,107,130,118.5,120,Saryn,3,225,1,3,81,0
2019/3/23,135,115,125,120,120,Saryn,3,225,1,3,82,1
2019/3/24,158,108,130,119,120,Saryn,3,225,1,3,83,1
2019/3/25,102,110,134,122,120,Saryn,3,225,1,3,84,0
2019/3/26,132,108,143,125.5,124,Saryn,3,225,1,3,85,0
2019/3/27,111,120,143,131.5,130,Saryn,3,225,1,3,86,0
2019/3/28,105,125,149,137,135,Saryn,3,225,1,3,87,0
2019/3/29,134,124,149,136.5,135,Saryn,3,225,1,3,88,0
2019/3/30,136,125,149,137,135,Saryn,3,225,1,3,89,1
2019/1/1,59,75,98,86.5,85,Trinity,4,130,0,3,1,0
2019/1/2,51,75,99,87,85,Trinity,4,130,0,3,2,0
2019/1/3,66,70,90,80,80,Trinity,4,130,0,3,3,0
2019/1/4,60,75,95,85,85,Trinity,4,130,0,3,4,0
2019/1/5,53,75,94,84.5,85,Trinity,4,130,0,3,5,1
2019/1/6,54,75,99,87,85,Trinity,4,130,0,3,6,1
2019/1/7,63,65,95,80,83,Trinity,4,130,0,3,7,0
2019/1/8,38,80,95,87.5,85,Trinity,4,130,0,3,8,0
2019/1/9,29,75,99,87,85,Trinity,4,130,0,3,9,0
2019/1/10,41,70,100,85,87,Trinity,4,130,0,3,10,0
2019/1/11,73,70,100,85,85,Trinity,4,130,0,3,11,0
2019/1/12,75,74,95,84.5,85,Trinity,4,130,0,3,12,1
2019/1/13,45,75,97,86,85,Trinity,4,130,0,3,13,1
2019/1/14,54,75,100,87.5,89,Trinity,4,130,0,3,14,0
2019/1/15,30,88,94,91,90,Trinity,4,130,0,3,15,0
2019/1/16,52,80,100,90,90,Trinity,4,130,0,3,16,0
2019/1/17,40,75,99,87,85,Trinity,4,130,0,3,17,0
2019/1/18,39,78,100,89,90,Trinity,4,130,0,3,18,0
2019/1/19,43,85,95,90,90,Trinity,4,130,0,3,19,1
2019/1/20,54,75,100,87.5,90,Trinity,4,130,0,3,20,1
2019/1/21,61,80,100,90,90,Trinity,4,130,0,3,21,0
2019/1/22,44,75,100,87.5,89,Trinity,4,130,0,3,22,0
2019/1/23,49,78,99,88.5,90,Trinity,4,130,0,3,23,0
2019/1/24,50,75,100,87.5,88,Trinity,4,130,0,3,24,0
2019/1/25,40,75,94,84.5,85,Trinity,4,130,0,3,25,0
2019/1/26,76,70,100,85,85,Trinity,4,130,0,3,26,1
2019/1/27,51,71,97,84,85,Trinity,4,130,0,3,27,1
2019/1/28,34,80,100,90,90,Trinity,4,130,0,3,28,0
2019/1/29,46,80,100,90,90,Trinity,4,130,0,3,29,0
2019/1/30,35,80,100,90,90,Trinity,4,130,0,3,30,0
2019/1/31,62,80,100,90,90,Trinity,4,130,0,3,31,0
2019/2/1,42,80,100,90,90,Trinity,4,130,0,3,32,0
2019/2/2,39,76,100,88,90,Trinity,4,130,0,3,33,1
2019/2/3,59,80,100,90,90,Trinity,4,130,0,3,34,1
2019/2/4,43,80,95,87.5,90,Trinity,4,130,0,3,35,0
2019/2/5,46,80,100,90,90,Trinity,4,130,0,3,36,0
2019/2/6,54,80,100,90,90,Trinity,4,130,0,3,37,0
2019/2/7,54,82,100,91,95,Trinity,4,130,0,3,38,0
2019/2/8,31,82,100,91,91,Trinity,4,130,0,3,39,0
2019/2/9,54,80,100,90,90,Trinity,4,130,0,3,40,1
2019/2/10,65,79,100,89.5,90,Trinity,4,130,0,3,41,1
2019/2/11,45,80,100,90,90,Trinity,4,130,0,3,42,0
2019/2/12,57,80,100,90,90,Trinity,4,130,0,3,43,0
2019/2/13,55,84,100,92,95,Trinity,4,130,0,3,44,0
2019/2/14,47,80,100,90,94,Trinity,4,130,0,3,45,0
2019/2/15,30,80,100,90,90,Trinity,4,130,0,3,46,0
2019/2/16,34,85,100,92.5,94,Trinity,4,130,0,3,47,1
2019/2/17,41,76,100,88,95,Trinity,4,130,0,3,48,1
2019/2/18,36,85,100,92.5,98,Trinity,4,130,0,3,49,0
2019/2/19,28,95,100,97.5,100,Trinity,4,130,0,3,50,0
2019/2/20,41,85,105,95,98,Trinity,4,130,0,3,51,0
2019/2/21,41,90,105,97.5,99,Trinity,4,130,0,3,52,0
2019/2/22,27,97,100,98.5,100,Trinity,4,130,0,3,53,0
2019/2/23,41,70,110,90,90,Trinity,4,130,0,3,54,1
2019/2/24,28,85,100,92.5,95,Trinity,4,130,0,3,55,1
2019/2/25,34,85,100,92.5,95,Trinity,4,130,0,3,56,0
2019/2/26,28,94,100,97,100,Trinity,4,130,0,3,57,0
2019/2/27,32,88,110,99,99,Trinity,4,130,0,3,58,0
2019/2/28,18,98,100,99,100,Trinity,4,130,0,3,59,0
2019/3/1,48,90,100,95,97,Trinity,4,130,0,3,60,0
2019/3/2,66,85,100,92.5,95,Trinity,4,130,0,3,61,1
2019/3/3,51,80,100,90,93.5,Trinity,4,130,0,3,62,1
2019/3/4,42,85,100,92.5,95,Trinity,4,130,0,3,63,0
2019/3/5,32,85,105,95,99,Trinity,4,130,0,3,64,0
2019/3/6,32,85,100,92.5,98,Trinity,4,130,0,3,65,0
2019/3/7,42,85,100,92.5,94,Trinity,4,130,0,3,66,0
2019/3/8,49,60,100,80,80,Trinity,4,130,0,3,67,0
2019/3/9,60,69,94,81.5,80,Trinity,4,130,0,3,68,1
2019/3/10,58,65,95,80,80,Trinity,4,130,0,3,69,1
2019/3/11,37,70,95,82.5,84,Trinity,4,130,0,3,70,0
2019/3/12,40,72,98,85,85,Trinity,4,130,0,3,71,0
2019/3/13,63,60,100,80,83,Trinity,4,130,0,3,72,0
2019/3/14,41,70,100,85,85,Trinity,4,130,0,3,73,0
2019/3/15,50,71,98,84.5,88,Trinity,4,130,0,3,74,0
2019/3/16,60,75,97,86,85,Trinity,4,130,0,3,75,1
2019/3/17,57,75,96,85.5,85,Trinity,4,130,0,3,76,1
2019/3/18,59,80,95,87.5,88,Trinity,4,130,0,3,77,0
2019/3/19,52,80,100,90,90,Trinity,4,130,0,3,78,0
2019/3/20,51,74,95,84.5,85,Trinity,4,130,0,3,79,0
2019/3/21,48,75,95,85,85,Trinity,4,130,0,3,80,0
2019/3/22,52,75,95,85,85,Trinity,4,130,0,3,81,0
2019/3/23,66,75,90,82.5,85,Trinity,4,130,0,3,82,1
2019/3/24,64,78,95,86.5,85,Trinity,4,130,0,3,83,1
2019/3/25,41,73,100,86.5,90,Trinity,4,130,0,3,84,0
2019/3/26,57,75,99,87,89,Trinity,4,130,0,3,85,0
2019/3/27,64,76,100,88,90,Trinity,4,130,0,3,86,0
2019/3/28,38,80,100,90,93,Trinity,4,130,0,3,87,0
2019/3/29,56,76,100,88,92,Trinity,4,130,0,3,88,0
2019/3/30,87,80,100,90,90,Trinity,4,130,0,3,89,1
2019/1/1,56,95,119,107,105,Valkyr,3,260,0,1,1,0
2019/1/2,47,96,119,107.5,105,Valkyr,3,260,0,1,2,0
2019/1/3,59,90,125,107.5,110,Valkyr,3,260,0,1,3,0
2019/1/4,50,85,125,105,110,Valkyr,3,260,0,1,4,0
2019/1/5,70,65,140,102.5,105,Valkyr,3,260,0,1,5,1
2019/1/6,68,100,125,112.5,115,Valkyr,3,260,0,1,6,1
2019/1/7,78,85,125,105,110,Valkyr,3,260,0,1,7,0
2019/1/8,47,105,128,116.5,120,Valkyr,3,260,0,1,8,0
2019/1/9,54,109,130,119.5,119,Valkyr,3,260,0,1,9,0
2019/1/10,65,100,130,115,119,Valkyr,3,260,0,1,10,0
2019/1/11,42,110,125,117.5,118,Valkyr,3,260,0,1,11,0
2019/1/12,77,100,130,115,115,Valkyr,3,260,0,1,12,1
2019/1/13,61,105,125,115,115,Valkyr,3,260,0,1,13,1
2019/1/14,57,108,130,119,120,Valkyr,3,260,0,1,14,0
2019/1/15,57,110,133,121.5,120,Valkyr,3,260,0,1,15,0
2019/1/16,41,110,130,120,120,Valkyr,3,260,0,1,16,0
2019/1/17,56,110,134,122,120,Valkyr,3,260,0,1,17,0
2019/1/18,52,110,140,125,125,Valkyr,3,260,0,1,18,0
2019/1/19,65,109,130,119.5,120,Valkyr,3,260,0,1,19,1
2019/1/20,40,115,135,125,124,Valkyr,3,260,0,1,20,1
2019/1/21,60,110,130,120,120,Valkyr,3,260,0,1,21,0
2019/1/22,44,119,132,125.5,125,Valkyr,3,260,0,1,22,0
2019/1/23,51,115,139,127,125,Valkyr,3,260,0,1,23,0
2019/1/24,56,105,135,120,120,Valkyr,3,260,0,1,24,0
2019/1/25,59,109,130,119.5,120,Valkyr,3,260,0,1,25,0
2019/1/26,66,101,130,115.5,120,Valkyr,3,260,0,1,26,1
2019/1/27,66,109,130,119.5,120,Valkyr,3,260,0,1,27,1
2019/1/28,54,110,150,130,130,Valkyr,3,260,0,1,28,0
2019/1/29,51,105,142,123.5,124.5,Valkyr,3,260,0,1,29,0
2019/1/30,61,100,150,125,124.5,Valkyr,3,260,0,1,30,0
2019/1/31,44,119,135,127,124,Valkyr,3,260,0,1,31,0
2019/2/1,52,115,135,125,124,Valkyr,3,260,0,1,32,0
2019/2/2,63,110,140,125,124,Valkyr,3,260,0,1,33,1
2019/2/3,73,100,150,125,125,Valkyr,3,260,0,1,34,1
2019/2/4,57,110,140,125,124,Valkyr,3,260,0,1,35,0
2019/2/5,68,105,150,127.5,135,Valkyr,3,260,0,1,36,0
2019/2/6,66,105,150,127.5,135,Valkyr,3,260,0,1,37,0
2019/2/7,64,106,150,128,135,Valkyr,3,260,0,1,38,0
2019/2/8,73,110,150,130,130,Valkyr,3,260,0,1,39,0
2019/2/9,65,114,150,132,135,Valkyr,3,260,0,1,40,1
2019/2/10,70,120,160,140,140,Valkyr,3,260,0,1,41,1
2019/2/11,54,120,150,135,140,Valkyr,3,260,0,1,42,0
2019/2/12,59,115,150,132.5,140,Valkyr,3,260,0,1,43,0
2019/2/13,54,100,150,125,125,Valkyr,3,260,0,1,44,0
2019/2/14,66,90,150,120,130,Valkyr,3,260,0,1,45,0
2019/2/15,60,103,150,126.5,130,Valkyr,3,260,0,1,46,0
2019/2/16,69,103,150,126.5,132.5,Valkyr,3,260,0,1,47,1
2019/2/17,63,103,150,126.5,130,Valkyr,3,260,0,1,48,1
2019/2/18,46,125,150,137.5,140,Valkyr,3,260,0,1,49,0
2019/2/19,55,120,150,135,140,Valkyr,3,260,0,1,50,0
2019/2/20,56,130,150,140,145,Valkyr,3,260,0,1,51,0
2019/2/21,42,130,150,140,145,Valkyr,3,260,0,1,52,0
2019/2/22,48,130,150,140,140,Valkyr,3,260,0,1,53,0
2019/2/23,41,129,150,139.5,140,Valkyr,3,260,0,1,54,1
2019/2/24,48,120,150,135,139,Valkyr,3,260,0,1,55,1
2019/2/25,34,130,149,139.5,140,Valkyr,3,260,0,1,56,0
2019/2/26,50,95,160,127.5,124.5,Valkyr,3,260,0,1,57,0
2019/2/27,47,119,150,134.5,140,Valkyr,3,260,0,1,58,0
2019/2/28,26,130,150,140,144.5,Valkyr,3,260,0,1,59,0
2019/3/1,53,110,159,134.5,135,Valkyr,3,260,0,1,60,0
2019/3/2,71,115,150,132.5,135,Valkyr,3,260,0,1,61,1
2019/3/3,57,115,150,132.5,134.5,Valkyr,3,260,0,1,62,1
2019/3/4,64,120,160,140,140,Valkyr,3,260,0,1,63,0
2019/3/5,64,110,155,132.5,130,Valkyr,3,260,0,1,64,0
2019/3/6,39,130,155,142.5,140,Valkyr,3,260,0,1,65,0
2019/3/7,52,110,150,130,135,Valkyr,3,260,0,1,66,0
2019/3/8,64,100,147,123.5,120,Valkyr,3,260,0,1,67,0
2019/3/9,74,95,145,120,119,Valkyr,3,260,0,1,68,1
2019/3/10,59,101,125,113,115,Valkyr,3,260,0,1,69,1
2019/3/11,44,109,130,119.5,120,Valkyr,3,260,0,1,70,0
2019/3/12,51,110,130,120,120,Valkyr,3,260,0,1,71,0
2019/3/13,65,109,130,119.5,119,Valkyr,3,260,0,1,72,0
2019/3/14,48,105,129,117,119,Valkyr,3,260,0,1,73,0
2019/3/15,70,90,139,114.5,115,Valkyr,3,260,0,1,74,0
2019/3/16,93,85,130,107.5,110,Valkyr,3,260,0,1,75,1
2019/3/17,93,83,130,106.5,110,Valkyr,3,260,0,1,76,1
2019/3/18,58,105,125,115,114,Valkyr,3,260,0,1,77,0
2019/3/19,68,102,125,113.5,115,Valkyr,3,260,0,1,78,0
2019/3/20,68,75,150,112.5,115,Valkyr,3,260,0,1,79,0
2019/3/21,46,105,125,115,115,Valkyr,3,260,0,1,80,0
2019/3/22,93,85,130,107.5,110,Valkyr,3,260,0,1,81,0
2019/3/23,84,90,129,109.5,110,Valkyr,3,260,0,1,82,1
2019/3/24,81,90,125,107.5,110,Valkyr,3,260,0,1,83,1
2019/3/25,50,86,130,108,115,Valkyr,3,260,0,1,84,0
2019/3/26,58,98,120,109,110,Valkyr,3,260,0,1,85,0
2019/3/27,51,100,124,112,110,Valkyr,3,260,0,1,86,0
2019/3/28,57,105,129,117,115,Valkyr,3,260,0,1,87,0
2019/3/29,54,109,130,119.5,119,Valkyr,3,260,0,1,88,0
2019/3/30,66,110,125,117.5,119,Valkyr,3,260,0,1,89,1
2019/1/1,89,256,300,278,289,Volt,1,180,0,3,1,0
2019/1/2,88,260,310,285,289,Volt,1,180,0,3,2,0
2019/1/3,71,280,300,290,295,Volt,1,180,0,3,3,0
2019/1/4,85,270,310,290,290,Volt,1,180,0,3,4,0
2019/1/5,102,280,300,290,290,Volt,1,180,0,3,5,1
2019/1/6,98,265,310,287.5,290,Volt,1,180,0,3,6,1
2019/1/7,70,270,300,285,289.5,Volt,1,180,0,3,7,0
2019/1/8,64,280,300,290,290,Volt,1,180,0,3,8,0
2019/1/9,66,280,310,295,295,Volt,1,180,0,3,9,0
2019/1/10,53,285,300,292.5,297,Volt,1,180,0,3,10,0
2019/1/11,80,280,300,290,295,Volt,1,180,0,3,11,0
2019/1/12,83,270,315,292.5,290,Volt,1,180,0,3,12,1
2019/1/13,90,285,300,292.5,297,Volt,1,180,0,3,13,1
2019/1/14,57,290,310,300,300,Volt,1,180,0,3,14,0
2019/1/15,50,289,310,299.5,300,Volt,1,180,0,3,15,0
2019/1/16,57,279,320,299.5,299,Volt,1,180,0,3,16,0
2019/1/17,60,272,320,296,300,Volt,1,180,0,3,17,0
2019/1/18,61,275,325,300,300,Volt,1,180,0,3,18,0
2019/1/19,74,290,311,300.5,300,Volt,1,180,0,3,19,1
2019/1/20,100,275,325,300,300,Volt,1,180,0,3,20,1
2019/1/21,83,252,340,296,305,Volt,1,180,0,3,21,0
2019/1/22,60,275,328,301.5,300,Volt,1,180,0,3,22,0
2019/1/23,86,274,320,297,300,Volt,1,180,0,3,23,0
2019/1/24,47,280,310,295,298,Volt,1,180,0,3,24,0
2019/1/25,69,260,325,292.5,295,Volt,1,180,0,3,25,0
2019/1/26,72,289,300,294.5,299,Volt,1,180,0,3,26,1
2019/1/27,85,289,310,299.5,299,Volt,1,180,0,3,27,1
2019/1/28,59,290,314,302,300,Volt,1,180,0,3,28,0
2019/1/29,70,285,339,312,310,Volt,1,180,0,3,29,0
2019/1/30,84,282,355,318.5,320,Volt,1,180,0,3,30,0
2019/1/31,80,300,345,322.5,320,Volt,1,180,0,3,31,0
2019/2/1,76,290,350,320,320,Volt,1,180,0,3,32,0
2019/2/2,80,295,340,317.5,320,Volt,1,180,0,3,33,1
2019/2/3,90,295,349,322,320,Volt,1,180,0,3,34,1
2019/2/4,56,291,345,318,320,Volt,1,180,0,3,35,0
2019/2/5,69,300,348,324,320,Volt,1,180,0,3,36,0
2019/2/6,58,309,350,329.5,331.5,Volt,1,180,0,3,37,0
2019/2/7,71,300,350,325,325,Volt,1,180,0,3,38,0
2019/2/8,61,300,350,325,325,Volt,1,180,0,3,39,0
2019/2/9,76,300,350,325,325,Volt,1,180,0,3,40,1
2019/2/10,86,310,348,329,329,Volt,1,180,0,3,41,1
2019/2/11,85,300,360,330,329.5,Volt,1,180,0,3,42,0
2019/2/12,75,280,350,315,320,Volt,1,180,0,3,43,0
2019/2/13,69,290,360,325,325,Volt,1,180,0,3,44,0
2019/2/14,61,300,350,325,326.5,Volt,1,180,0,3,45,0
2019/2/15,55,310,350,330,330,Volt,1,180,0,3,46,0
2019/2/16,57,310,340,325,329,Volt,1,180,0,3,47,1
2019/2/17,59,315,338,326.5,329,Volt,1,180,0,3,48,1
2019/2/18,66,300,350,325,325,Volt,1,180,0,3,49,0
2019/2/19,53,310,350,330,330,Volt,1,180,0,3,50,0
2019/2/20,62,310,350,330,330,Volt,1,180,0,3,51,0
2019/2/21,68,310,350,330,330,Volt,1,180,0,3,52,0
2019/2/22,51,310,342,326,325,Volt,1,180,0,3,53,0
2019/2/23,68,310,350,330,330,Volt,1,180,0,3,54,1
2019/2/24,65,310,350,330,330,Volt,1,180,0,3,55,1
2019/2/25,60,310,350,330,330,Volt,1,180,0,3,56,0
2019/2/26,46,316,340,328,330,Volt,1,180,0,3,57,0
2019/2/27,54,310,345,327.5,330,Volt,1,180,0,3,58,0
2019/2/28,43,301,350,325.5,330,Volt,1,180,0,3,59,0
2019/3/1,74,300,350,325,329,Volt,1,180,0,3,60,0
2019/3/2,77,310,350,330,330,Volt,1,180,0,3,61,1
2019/3/3,99,300,350,325,325,Volt,1,180,0,3,62,1
2019/3/4,65,295,340,317.5,320,Volt,1,180,0,3,63,0
2019/3/5,57,310,340,325,325,Volt,1,180,0,3,64,0
2019/3/6,67,300,342,321,319,Volt,1,180,0,3,65,0
2019/3/7,93,290,325,307.5,312,Volt,1,180,0,3,66,0
2019/3/8,63,288,314,301,300,Volt,1,180,0,3,67,0
2019/3/9,85,275,320,297.5,300,Volt,1,180,0,3,68,1
2019/3/10,102,280,320,300,300,Volt,1,180,0,3,69,1
2019/3/11,60,274,300,287,290,Volt,1,180,0,3,70,0
2019/3/12,74,290,300,295,299,Volt,1,180,0,3,71,0
2019/3/13,64,265,310,287.5,290,Volt,1,180,0,3,72,0
2019/3/14,43,285,305,295,297,Volt,1,180,0,3,73,0
2019/3/15,26,298,300,299,300,Volt,1,180,0,3,74,0
2019/3/16,80,282,305,293.5,296,Volt,1,180,0,3,75,1
2019/3/17,87,279,300,289.5,291.5,Volt,1,180,0,3,76,1
2019/3/18,63,270,310,290,292.5,Volt,1,180,0,3,77,0
2019/3/19,77,265,300,282.5,291,Volt,1,180,0,3,78,0
2019/3/20,72,275,300,287.5,290,Volt,1,180,0,3,79,0
2019/3/21,73,279,300,289.5,290,Volt,1,180,0,3,80,0
2019/3/22,55,279,290,284.5,288,Volt,1,180,0,3,81,0
2019/3/23,56,275,290,282.5,285,Volt,1,180,0,3,82,1
2019/3/24,88,270,290,280,280,Volt,1,180,0,3,83,1
2019/3/25,73,260,300,280,280,Volt,1,180,0,3,84,0
2019/3/26,61,275,299,287,285,Volt,1,180,0,3,85,0
2019/3/27,59,264,300,282,280,Volt,1,180,0,3,86,0
2019/3/28,53,275,295,285,285,Volt,1,180,0,3,87,0
2019/3/29,54,271,299,285,285,Volt,1,180,0,3,88,0
2019/3/30,90,270,300,285,285,Volt,1,180,0,3,89,1
